case,name,family,branch_channels,initial_real_N,prospective_N,q,o,g,q_power_o,reactant_sets_R,output_branches_B,score,expected_batch_length,active_probability,profile_seed,profile_repeats,batch_engine_us_per_call,batch_postprocess_us_per_call,batch_steady_us_per_call,total_reactions_per_batch,active_reactions_per_batch,active_reaction_fraction_realized,batch_step_component_us_per_call,sample_collision_free_length_us_per_call,sample_batch_clock_us_per_call,checkpoint_rejection_us_per_call,sample_multidimensional_batch_us_per_call,process_dense_batch_lanes_us_per_call,sample_terminal_collision_us_per_call,urn_commit_and_sort_us_per_call,finish_batch_step_us_per_call,all_flame_components_json
shrinking,Shrinking,matched_shrinking,,2000000,6000000,4,2,0,16,3,3,683.4459102315196,1534.9900619197324,0.44524451798519743,1,1000,5.9,0.09999999999999999,6.0,1388.5,617.0,0.4454792566278243,5.996,2.731,0.092,nan,1.212,1.362,0.251,0.048,0.045,"{""batch step"":{""calls"":1000,""us_per_call"":5.996},""finish batch step"":{""calls"":1000,""us_per_call"":0.045},""process batch"":{""calls"":1000,""us_per_call"":1.362},""sample batch"":{""calls"":1000,""us_per_call"":1.212},""sample batch clock"":{""calls"":1000,""us_per_call"":0.092},""sample collision"":{""calls"":1000,""us_per_call"":0.251},""sample_coll"":{""calls"":1000,""us_per_call"":2.731},""urn commit and sort"":{""calls"":1000,""us_per_call"":0.048}}"
shrinking_no_b_decay,Shrinking no B decay,matched_shrinking,,2000000,6000000,4,2,0,16,2,2,410.5587426312615,1534.9900619197324,0.2674667105777851,1,1000,5.800000000000001,0.09999999999999999,5.800000000000001,1459.5,390.5,0.26831381963235257,5.883,2.701,0.083,nan,1.192,1.302,0.238,0.046,0.046,"{""batch step"":{""calls"":1000,""us_per_call"":5.883},""finish batch step"":{""calls"":1000,""us_per_call"":0.046},""process batch"":{""calls"":1000,""us_per_call"":1.302},""sample batch"":{""calls"":1000,""us_per_call"":1.192},""sample batch clock"":{""calls"":1000,""us_per_call"":0.083},""sample collision"":{""calls"":1000,""us_per_call"":0.238},""sample_coll"":{""calls"":1000,""us_per_call"":2.701},""urn commit and sort"":{""calls"":1000,""us_per_call"":0.046}}"
shrinking_split_b_decay,Shrinking split B decay,matched_shrinking,,2000000,6000000,4,2,0,16,3,4,683.4459102315196,1534.9900619197324,0.44524451798519743,1,1000,8.3,0.09999999999999999,8.5,1439.0,636.0,0.44585643425506494,8.404,3.596,0.131,nan,1.587,2.348,0.352,0.062,0.057,"{""batch step"":{""calls"":1000,""us_per_call"":8.404},""finish batch step"":{""calls"":1000,""us_per_call"":0.057},""process batch"":{""calls"":1000,""us_per_call"":2.348},""sample batch"":{""calls"":1000,""us_per_call"":1.587},""sample batch clock"":{""calls"":1000,""us_per_call"":0.131},""sample collision"":{""calls"":1000,""us_per_call"":0.352},""sample_coll"":{""calls"":1000,""us_per_call"":3.596},""urn commit and sort"":{""calls"":1000,""us_per_call"":0.062}}"
shrinking_b_decay_channels_1,Shrinking B decay split 1 way(s),branch_count_control,1,2000000,6000000,4,2,0,16,3,3,683.4459102315196,1534.9900619197324,0.44524451798519743,1,1000,6.7,0.09999999999999999,6.8,1462.0,654.5,0.44657296620679265,8.066,3.451,0.131,nan,1.619,1.936,0.368,0.067,0.057,"{""batch step"":{""calls"":1000,""us_per_call"":8.066},""finish batch step"":{""calls"":1000,""us_per_call"":0.057},""process batch"":{""calls"":1000,""us_per_call"":1.936},""sample batch"":{""calls"":1000,""us_per_call"":1.619},""sample batch clock"":{""calls"":1000,""us_per_call"":0.131},""sample collision"":{""calls"":1000,""us_per_call"":0.368},""sample_coll"":{""calls"":1000,""us_per_call"":3.451},""urn commit and sort"":{""calls"":1000,""us_per_call"":0.067}}"
shrinking_b_decay_channels_2,Shrinking B decay split 2 way(s),branch_count_control,2,2000000,6000000,4,2,0,16,3,4,683.4459102315196,1534.9900619197324,0.44524451798519743,1,1000,6.1,0.09999999999999999,6.2,1414.0,632.5,0.44581748038488433,6.546,2.79,0.097,nan,1.276,1.692,0.279,0.055,0.047,"{""batch step"":{""calls"":1000,""us_per_call"":6.546},""finish batch step"":{""calls"":1000,""us_per_call"":0.047},""process batch"":{""calls"":1000,""us_per_call"":1.692},""sample batch"":{""calls"":1000,""us_per_call"":1.276},""sample batch clock"":{""calls"":1000,""us_per_call"":0.097},""sample collision"":{""calls"":1000,""us_per_call"":0.279},""sample_coll"":{""calls"":1000,""us_per_call"":2.79},""urn commit and sort"":{""calls"":1000,""us_per_call"":0.055}}"
shrinking_b_decay_channels_4,Shrinking B decay split 4 way(s),branch_count_control,4,2000000,6000000,4,2,0,16,3,6,683.4459102315196,1534.9900619197324,0.44524451798519743,1,1000,7.65,0.09999999999999999,7.800000000000001,1449.0,650.0,0.4455380371956359,7.695,2.957,0.137,nan,1.41,2.386,0.322,0.064,0.065,"{""batch step"":{""calls"":1000,""us_per_call"":7.695},""finish batch step"":{""calls"":1000,""us_per_call"":0.065},""process batch"":{""calls"":1000,""us_per_call"":2.386},""sample batch"":{""calls"":1000,""us_per_call"":1.41},""sample batch clock"":{""calls"":1000,""us_per_call"":0.137},""sample collision"":{""calls"":1000,""us_per_call"":0.322},""sample_coll"":{""calls"":1000,""us_per_call"":2.957},""urn commit and sort"":{""calls"":1000,""us_per_call"":0.064}}"
shrinking_b_decay_channels_8,Shrinking B decay split 8 way(s),branch_count_control,8,2000000,6000000,4,2,0,16,3,10,683.4459102315196,1534.9900619197324,0.44524451798519743,1,1000,7.199999999999999,0.09999999999999999,7.3,1448.5,645.5,0.44617887878926493,7.779,2.917,0.088,nan,1.272,2.811,0.275,0.058,0.047,"{""batch step"":{""calls"":1000,""us_per_call"":7.779},""finish batch step"":{""calls"":1000,""us_per_call"":0.047},""process batch"":{""calls"":1000,""us_per_call"":2.811},""sample batch"":{""calls"":1000,""us_per_call"":1.272},""sample batch clock"":{""calls"":1000,""us_per_call"":0.088},""sample collision"":{""calls"":1000,""us_per_call"":0.275},""sample_coll"":{""calls"":1000,""us_per_call"":2.917},""urn commit and sort"":{""calls"":1000,""us_per_call"":0.058}}"
collision_o2_g0_n10000,"Collision grid o=2, g=0, n=10000",collision_grid,,10000,30000,4,2,0,16,1,1,6.0296084405547825,108.54018818374013,0.055551851728390944,1,1000,4.6,0.09999999999999999,4.7,100.0,11.0,0.11272676267065644,4.606,2.144,0.078,nan,0.806,1.058,0.223,0.042,0.041,"{""batch step"":{""calls"":1000,""us_per_call"":4.606},""finish batch step"":{""calls"":1000,""us_per_call"":0.041},""process batch"":{""calls"":1000,""us_per_call"":1.058},""sample batch"":{""calls"":1000,""us_per_call"":0.806},""sample batch clock"":{""calls"":1000,""us_per_call"":0.078},""sample collision"":{""calls"":1000,""us_per_call"":0.223},""sample_coll"":{""calls"":1000,""us_per_call"":2.144},""urn commit and sort"":{""calls"":1000,""us_per_call"":0.042}}"
collision_o2_g0_n1000000,"Collision grid o=2, g=0, n=1000000",collision_grid,,1000000,3000000,4,2,0,16,1,1,60.3000643464392,1085.4018818374013,0.055555518518506174,1,1000,7.0,0.09999999999999999,7.1,1016.0,114.0,0.11157134878115102,6.997,3.237,0.132,nan,1.279,1.623,0.35,0.066,0.062,"{""batch step"":{""calls"":1000,""us_per_call"":6.997},""finish batch step"":{""calls"":1000,""us_per_call"":0.062},""process batch"":{""calls"":1000,""us_per_call"":1.623},""sample batch"":{""calls"":1000,""us_per_call"":1.279},""sample batch clock"":{""calls"":1000,""us_per_call"":0.132},""sample collision"":{""calls"":1000,""us_per_call"":0.35},""sample_coll"":{""calls"":1000,""us_per_call"":3.237},""urn commit and sort"":{""calls"":1000,""us_per_call"":0.066}}"
collision_o2_g0_n100000000,"Collision grid o=2, g=0, n=100000000",collision_grid,,100000000,300000000,4,2,0,16,1,1,603.0010414452161,10854.018818374014,0.055555555185185186,1,1000,5.800000000000001,0.09999999999999999,5.9,10216.5,1124.5,0.11093883725389914,6.625,3.783,0.093,nan,0.996,1.159,0.257,0.044,0.046,"{""batch step"":{""calls"":1000,""us_per_call"":6.625},""finish batch step"":{""calls"":1000,""us_per_call"":0.046},""process batch"":{""calls"":1000,""us_per_call"":1.159},""sample batch"":{""calls"":1000,""us_per_call"":0.996},""sample batch clock"":{""calls"":1000,""us_per_call"":0.093},""sample collision"":{""calls"":1000,""us_per_call"":0.257},""sample_coll"":{""calls"":1000,""us_per_call"":3.783},""urn commit and sort"":{""calls"":1000,""us_per_call"":0.044}}"
collision_o2_g1_n10000,"Collision grid o=2, g=1, n=10000",collision_grid,,10000,30000,4,2,1,16,1,1,4.923154676045939,88.6226925452758,0.055551851728390944,1,1000,8.7,0.09999999999999999,8.8,84.0,9.0,0.10944948229607787,8.209,5.078,0.118,nan,0.979,1.379,0.301,0.053,0.053,"{""batch step"":{""calls"":1000,""us_per_call"":8.209},""finish batch step"":{""calls"":1000,""us_per_call"":0.053},""process batch"":{""calls"":1000,""us_per_call"":1.379},""sample batch"":{""calls"":1000,""us_per_call"":0.979},""sample batch clock"":{""calls"":1000,""us_per_call"":0.118},""sample collision"":{""calls"":1000,""us_per_call"":0.301},""sample_coll"":{""calls"":1000,""us_per_call"":5.078},""urn commit and sort"":{""calls"":1000,""us_per_call"":0.053}}"
collision_o2_g1_n1000000,"Collision grid o=2, g=1, n=1000000",collision_grid,,1000000,3000000,4,2,1,16,1,1,49.234796368589485,886.226925452758,0.055555518518506174,1,1000,7.300000000000001,0.09999999999999999,7.4,846.5,92.0,0.11108122127596301,7.332,4.837,0.073,nan,0.895,0.998,0.226,0.042,0.039,"{""batch step"":{""calls"":1000,""us_per_call"":7.332},""finish batch step"":{""calls"":1000,""us_per_call"":0.039},""process batch"":{""calls"":1000,""us_per_call"":0.998},""sample batch"":{""calls"":1000,""us_per_call"":0.895},""sample batch clock"":{""calls"":1000,""us_per_call"":0.073},""sample collision"":{""calls"":1000,""us_per_call"":0.226},""sample_coll"":{""calls"":1000,""us_per_call"":4.837},""urn commit and sort"":{""calls"":1000,""us_per_call"":0.042}}"
collision_o2_g1_n100000000,"Collision grid o=2, g=1, n=100000000",collision_grid,,100000000,300000000,4,2,1,16,1,1,492.348288635877,8862.26925452758,0.055555555185185186,1,1000,8.0,0.09999999999999999,8.1,8308.5,910.5,0.11104169359912681,8.831,6.164,0.082,nan,0.963,1.063,0.238,0.044,0.042,"{""batch step"":{""calls"":1000,""us_per_call"":8.831},""finish batch step"":{""calls"":1000,""us_per_call"":0.042},""process batch"":{""calls"":1000,""us_per_call"":1.063},""sample batch"":{""calls"":1000,""us_per_call"":0.963},""sample batch clock"":{""calls"":1000,""us_per_call"":0.082},""sample collision"":{""calls"":1000,""us_per_call"":0.238},""sample_coll"":{""calls"":1000,""us_per_call"":6.164},""urn commit and sort"":{""calls"":1000,""us_per_call"":0.044}}"
collision_o2_g2_n10000,"Collision grid o=2, g=2, n=10000",collision_grid,,10000,30000,4,2,2,16,1,1,4.2635770162159305,76.74950309598663,0.055551851728390944,1,1000,7.4,0.09999999999999999,7.5,72.0,8.0,0.11028804460045426,7.678,5.081,0.085,nan,0.844,1.084,0.251,0.046,0.044,"{""batch step"":{""calls"":1000,""us_per_call"":7.678},""finish batch step"":{""calls"":1000,""us_per_call"":0.044},""process batch"":{""calls"":1000,""us_per_call"":1.084},""sample batch"":{""calls"":1000,""us_per_call"":0.844},""sample batch clock"":{""calls"":1000,""us_per_call"":0.085},""sample collision"":{""calls"":1000,""us_per_call"":0.251},""sample_coll"":{""calls"":1000,""us_per_call"":5.081},""urn commit and sort"":{""calls"":1000,""us_per_call"":0.046}}"
collision_o2_g2_n1000000,"Collision grid o=2, g=2, n=1000000",collision_grid,,1000000,3000000,4,2,2,16,1,1,42.63858440535232,767.4950309598663,0.05555551851850617,1,1000,8.3,0.09999999999999999,8.4,732.0,81.0,0.1110156445326629,8.979,6.19,0.086,nan,1.009,1.096,0.258,0.044,0.044,"{""batch step"":{""calls"":1000,""us_per_call"":8.979},""finish batch step"":{""calls"":1000,""us_per_call"":0.044},""process batch"":{""calls"":1000,""us_per_call"":1.096},""sample batch"":{""calls"":1000,""us_per_call"":1.009},""sample batch clock"":{""calls"":1000,""us_per_call"":0.086},""sample collision"":{""calls"":1000,""us_per_call"":0.258},""sample_coll"":{""calls"":1000,""us_per_call"":6.19},""urn commit and sort"":{""calls"":1000,""us_per_call"":0.044}}"
collision_o2_g2_n100000000,"Collision grid o=2, g=2, n=100000000",collision_grid,,100000000,300000000,4,2,2,16,1,1,426.38612546846264,7674.950309598663,0.055555555185185186,1,1000,11.399999999999999,0.09999999999999999,11.5,7167.5,799.0,0.11106798065734569,12.377,8.575,0.154,nan,1.341,1.542,0.359,0.067,0.059,"{""batch step"":{""calls"":1000,""us_per_call"":12.377},""finish batch step"":{""calls"":1000,""us_per_call"":0.059},""process batch"":{""calls"":1000,""us_per_call"":1.542},""sample batch"":{""calls"":1000,""us_per_call"":1.341},""sample batch clock"":{""calls"":1000,""us_per_call"":0.154},""sample collision"":{""calls"":1000,""us_per_call"":0.359},""sample_coll"":{""calls"":1000,""us_per_call"":8.575},""urn commit and sort"":{""calls"":1000,""us_per_call"":0.067}}"
collision_o3_g0_n10000,"Collision grid o=3, g=0, n=10000",collision_grid,,10000,16667,4,3,0,64,1,1,1.9412958271215794,53.93459246438179,0.03599351989919279,1,1000,8.2,0.09999999999999999,8.3,53.0,11.0,0.21420418063779695,8.657,2.475,0.107,nan,1.722,3.576,0.336,0.052,0.069,"{""batch step"":{""calls"":1000,""us_per_call"":8.657},""finish batch step"":{""calls"":1000,""us_per_call"":0.069},""process batch"":{""calls"":1000,""us_per_call"":3.576},""sample batch"":{""calls"":1000,""us_per_call"":1.722},""sample batch clock"":{""calls"":1000,""us_per_call"":0.107},""sample collision"":{""calls"":1000,""us_per_call"":0.336},""sample_coll"":{""calls"":1000,""us_per_call"":2.475},""urn commit and sort"":{""calls"":1000,""us_per_call"":0.052}}"
collision_o3_g0_n1000000,"Collision grid o=3, g=0, n=1000000",collision_grid,,1000000,1666667,4,3,0,64,1,1,19.416226117907446,539.3405851995224,0.03599993519998992,1,1000,12.2,0.09999999999999999,12.3,496.0,108.0,0.2169688524805082,12.737,3.652,0.168,nan,2.793,4.731,0.424,0.075,0.064,"{""batch step"":{""calls"":1000,""us_per_call"":12.737},""finish batch step"":{""calls"":1000,""us_per_call"":0.064},""process batch"":{""calls"":1000,""us_per_call"":4.731},""sample batch"":{""calls"":1000,""us_per_call"":2.793},""sample batch clock"":{""calls"":1000,""us_per_call"":0.168},""sample collision"":{""calls"":1000,""us_per_call"":0.424},""sample_coll"":{""calls"":1000,""us_per_call"":3.652},""urn commit and sort"":{""calls"":1000,""us_per_call"":0.075}}"
collision_o3_g0_n100000000,"Collision grid o=3, g=0, n=100000000",collision_grid,,100000000,166666667,4,3,0,64,1,1,194.16258795480584,5393.405318048125,0.035999999351999996,1,1000,9.799999999999999,0.09999999999999999,9.9,5169.0,1106.5,0.21621036031628105,10.303,3.857,0.097,nan,2.262,3.383,0.307,0.047,0.048,"{""batch step"":{""calls"":1000,""us_per_call"":10.303},""finish batch step"":{""calls"":1000,""us_per_call"":0.048},""process batch"":{""calls"":1000,""us_per_call"":3.383},""sample batch"":{""calls"":1000,""us_per_call"":2.262},""sample batch clock"":{""calls"":1000,""us_per_call"":0.097},""sample collision"":{""calls"":1000,""us_per_call"":0.307},""sample_coll"":{""calls"":1000,""us_per_call"":3.857},""urn commit and sort"":{""calls"":1000,""us_per_call"":0.047}}"
collision_o3_g1_n10000,"Collision grid o=3, g=1, n=10000",collision_grid,,10000,16667,4,3,1,64,1,1,1.6812115025480117,46.70872721691538,0.03599351989919279,1,1000,14.7,0.09999999999999999,14.8,46.0,9.0,0.21294376374489477,13.915,6.646,0.152,nan,1.747,4.45,0.463,0.06,0.064,"{""batch step"":{""calls"":1000,""us_per_call"":13.915},""finish batch step"":{""calls"":1000,""us_per_call"":0.064},""process batch"":{""calls"":1000,""us_per_call"":4.45},""sample batch"":{""calls"":1000,""us_per_call"":1.747},""sample batch clock"":{""calls"":1000,""us_per_call"":0.152},""sample collision"":{""calls"":1000,""us_per_call"":0.463},""sample_coll"":{""calls"":1000,""us_per_call"":6.646},""urn commit and sort"":{""calls"":1000,""us_per_call"":0.06}}"
collision_o3_g1_n1000000,"Collision grid o=3, g=1, n=1000000",collision_grid,,1000000,1666667,4,3,1,64,1,1,16.814945063730757,467.0826480747518,0.03599993519998991,1,1000,16.2,0.09999999999999999,16.3,449.0,97.0,0.21562759520072383,17.318,8.361,0.165,nan,2.832,5.005,0.467,0.077,0.063,"{""batch step"":{""calls"":1000,""us_per_call"":17.318},""finish batch step"":{""calls"":1000,""us_per_call"":0.063},""process batch"":{""calls"":1000,""us_per_call"":5.005},""sample batch"":{""calls"":1000,""us_per_call"":2.832},""sample batch clock"":{""calls"":1000,""us_per_call"":0.165},""sample collision"":{""calls"":1000,""us_per_call"":0.467},""sample_coll"":{""calls"":1000,""us_per_call"":8.361},""urn commit and sort"":{""calls"":1000,""us_per_call"":0.077}}"
collision_o3_g1_n100000000,"Collision grid o=3, g=1, n=100000000",collision_grid,,100000000,166666667,4,3,1,64,1,1,168.14973363339232,4670.826018335766,0.035999999351999996,1,1000,13.5,0.09999999999999999,13.6,4372.0,942.5,0.2159457645490043,14.153,7.506,0.102,nan,2.334,3.447,0.328,0.052,0.045,"{""batch step"":{""calls"":1000,""us_per_call"":14.153},""finish batch step"":{""calls"":1000,""us_per_call"":0.045},""process batch"":{""calls"":1000,""us_per_call"":3.447},""sample batch"":{""calls"":1000,""us_per_call"":2.334},""sample batch clock"":{""calls"":1000,""us_per_call"":0.102},""sample collision"":{""calls"":1000,""us_per_call"":0.328},""sample_coll"":{""calls"":1000,""us_per_call"":7.506},""urn commit and sort"":{""calls"":1000,""us_per_call"":0.052}}"
collision_o3_g2_n10000,"Collision grid o=3, g=2, n=10000",collision_grid,,10000,16667,4,3,2,64,1,1,1.503721281700766,41.77755567980694,0.03599351989919279,1,1000,12.1,0.09999999999999999,12.2,39.0,8.0,0.2123071779932184,12.657,6.534,0.097,nan,1.731,3.546,0.336,0.048,0.057,"{""batch step"":{""calls"":1000,""us_per_call"":12.657},""finish batch step"":{""calls"":1000,""us_per_call"":0.057},""process batch"":{""calls"":1000,""us_per_call"":3.546},""sample batch"":{""calls"":1000,""us_per_call"":1.731},""sample batch clock"":{""calls"":1000,""us_per_call"":0.097},""sample collision"":{""calls"":1000,""us_per_call"":0.336},""sample_coll"":{""calls"":1000,""us_per_call"":6.534},""urn commit and sort"":{""calls"":1000,""us_per_call"":0.048}}"
collision_o3_g2_n1000000,"Collision grid o=3, g=2, n=1000000",collision_grid,,1000000,1666667,4,3,2,64,1,1,15.039744080170605,417.7714208823025,0.03599993519998992,1,1000,13.7,0.09999999999999999,13.8,404.0,87.0,0.21525052531197336,15.073,8.143,0.116,nan,2.321,3.736,0.356,0.05,0.07,"{""batch step"":{""calls"":1000,""us_per_call"":15.073},""finish batch step"":{""calls"":1000,""us_per_call"":0.07},""process batch"":{""calls"":1000,""us_per_call"":3.736},""sample batch"":{""calls"":1000,""us_per_call"":2.321},""sample batch clock"":{""calls"":1000,""us_per_call"":0.116},""sample collision"":{""calls"":1000,""us_per_call"":0.356},""sample_coll"":{""calls"":1000,""us_per_call"":8.143},""urn commit and sort"":{""calls"":1000,""us_per_call"":0.05}}"
collision_o3_g2_n100000000,"Collision grid o=3, g=2, n=100000000",collision_grid,,100000000,166666667,4,3,2,64,1,1,150.39769392109915,4177.713795229381,0.035999999351999996,1,1000,15.2,0.09999999999999999,15.299999999999999,3843.5,832.0,0.2158810859486231,18.475,10.301,0.124,nan,3.098,4.18,0.4,0.061,0.058,"{""batch step"":{""calls"":1000,""us_per_call"":18.475},""finish batch step"":{""calls"":1000,""us_per_call"":0.058},""process batch"":{""calls"":1000,""us_per_call"":4.18},""sample batch"":{""calls"":1000,""us_per_call"":3.098},""sample batch clock"":{""calls"":1000,""us_per_call"":0.124},""sample collision"":{""calls"":1000,""us_per_call"":0.4},""sample_coll"":{""calls"":1000,""us_per_call"":10.301},""urn commit and sort"":{""calls"":1000,""us_per_call"":0.061}}"
dense_support_q4,Dense support control q=4,dense_support_control,,2000000,6000000,4,2,0,16,1,1,85.27719723646072,1534.9900619197324,0.05555553703703395,1,1000,5.3,0.09999999999999999,5.4,1465.5,162.0,0.11127147273272725,5.546,2.768,0.088,nan,0.958,1.045,0.245,0.053,0.049,"{""batch step"":{""calls"":1000,""us_per_call"":5.546},""finish batch step"":{""calls"":1000,""us_per_call"":0.049},""process batch"":{""calls"":1000,""us_per_call"":1.045},""sample batch"":{""calls"":1000,""us_per_call"":0.958},""sample batch clock"":{""calls"":1000,""us_per_call"":0.088},""sample collision"":{""calls"":1000,""us_per_call"":0.245},""sample_coll"":{""calls"":1000,""us_per_call"":2.768},""urn commit and sort"":{""calls"":1000,""us_per_call"":0.053}}"
dense_support_q6,Dense support control q=6,dense_support_control,,2000000,6000000,6,2,0,36,3,3,85.27719723646072,1534.9900619197324,0.05555553703703395,1,1000,9.0,0.09999999999999999,9.100000000000001,1442.5,155.5,0.11103635980421393,9.041,3.243,0.138,nan,1.941,2.929,0.336,0.068,0.057,"{""batch step"":{""calls"":1000,""us_per_call"":9.041},""finish batch step"":{""calls"":1000,""us_per_call"":0.057},""process batch"":{""calls"":1000,""us_per_call"":2.929},""sample batch"":{""calls"":1000,""us_per_call"":1.941},""sample batch clock"":{""calls"":1000,""us_per_call"":0.138},""sample collision"":{""calls"":1000,""us_per_call"":0.336},""sample_coll"":{""calls"":1000,""us_per_call"":3.243},""urn commit and sort"":{""calls"":1000,""us_per_call"":0.068}}"
dense_support_q8,Dense support control q=8,dense_support_control,,2000000,6000000,8,2,0,64,5,5,85.27719723646072,1534.9900619197324,0.05555553703703395,1,1000,8.5,0.09999999999999999,8.600000000000001,1405.5,154.5,0.11100477335137711,8.755,2.764,0.084,nan,2.044,3.225,0.266,0.064,0.043,"{""batch step"":{""calls"":1000,""us_per_call"":8.755},""finish batch step"":{""calls"":1000,""us_per_call"":0.043},""process batch"":{""calls"":1000,""us_per_call"":3.225},""sample batch"":{""calls"":1000,""us_per_call"":2.044},""sample batch clock"":{""calls"":1000,""us_per_call"":0.084},""sample collision"":{""calls"":1000,""us_per_call"":0.266},""sample_coll"":{""calls"":1000,""us_per_call"":2.764},""urn commit and sort"":{""calls"":1000,""us_per_call"":0.064}}"
dense_support_q12,Dense support control q=12,dense_support_control,,2000000,6000000,12,2,0,144,9,9,85.27719723646072,1534.9900619197324,0.05555553703703395,1,1000,13.0,0.09999999999999999,13.1,1422.5,155.0,0.11135322052347403,13.578,2.827,0.106,nan,3.139,6.722,0.274,0.083,0.061,"{""batch step"":{""calls"":1000,""us_per_call"":13.578},""finish batch step"":{""calls"":1000,""us_per_call"":0.061},""process batch"":{""calls"":1000,""us_per_call"":6.722},""sample batch"":{""calls"":1000,""us_per_call"":3.139},""sample batch clock"":{""calls"":1000,""us_per_call"":0.106},""sample collision"":{""calls"":1000,""us_per_call"":0.274},""sample_coll"":{""calls"":1000,""us_per_call"":2.827},""urn commit and sort"":{""calls"":1000,""us_per_call"":0.083}}"
shrinking_no_b_decay_a_fraction_060,Shrinking no B decay composition A=60%,composition_control,,2000000,6000000,4,2,0,16,2,2,410.5587426312615,1534.9900619197324,0.2674667105777851,1,1000,5.9,0.09999999999999999,5.95,1468.5,392.5,0.26810563031974216,6.27,2.845,0.088,nan,1.258,1.331,0.264,0.06,0.046,"{""batch step"":{""calls"":1000,""us_per_call"":6.27},""finish batch step"":{""calls"":1000,""us_per_call"":0.046},""process batch"":{""calls"":1000,""us_per_call"":1.331},""sample batch"":{""calls"":1000,""us_per_call"":1.258},""sample batch clock"":{""calls"":1000,""us_per_call"":0.088},""sample collision"":{""calls"":1000,""us_per_call"":0.264},""sample_coll"":{""calls"":1000,""us_per_call"":2.845},""urn commit and sort"":{""calls"":1000,""us_per_call"":0.06}}"
shrinking_no_b_decay_a_fraction_010,Shrinking no B decay composition A=10%,composition_control,,2000000,6000000,4,2,0,16,2,2,68.25590262546008,1534.9900619197324,0.04446667396666788,1,1000,5.699999999999999,0.09999999999999999,5.8,1397.5,61.0,0.04436876261973925,5.845,2.673,0.099,nan,1.213,1.21,0.238,0.052,0.046,"{""batch step"":{""calls"":1000,""us_per_call"":5.845},""finish batch step"":{""calls"":1000,""us_per_call"":0.046},""process batch"":{""calls"":1000,""us_per_call"":1.21},""sample batch"":{""calls"":1000,""us_per_call"":1.213},""sample batch clock"":{""calls"":1000,""us_per_call"":0.099},""sample collision"":{""calls"":1000,""us_per_call"":0.238},""sample_coll"":{""calls"":1000,""us_per_call"":2.673},""urn commit and sort"":{""calls"":1000,""us_per_call"":0.052}}"
shrinking_no_b_decay_a_fraction_001,Shrinking no B decay composition A=1%,composition_control,,2000000,6000000,4,2,0,16,2,2,6.8225202819105055,1534.9900619197324,0.004444667396333455,1,1000,6.7,0.09999999999999999,6.8,1444.0,6.0,0.004425872795743375,6.86,3.063,0.137,nan,1.394,1.527,0.322,0.063,0.059,"{""batch step"":{""calls"":1000,""us_per_call"":6.86},""finish batch step"":{""calls"":1000,""us_per_call"":0.059},""process batch"":{""calls"":1000,""us_per_call"":1.527},""sample batch"":{""calls"":1000,""us_per_call"":1.394},""sample batch clock"":{""calls"":1000,""us_per_call"":0.137},""sample collision"":{""calls"":1000,""us_per_call"":0.322},""sample_coll"":{""calls"":1000,""us_per_call"":3.063},""urn commit and sort"":{""calls"":1000,""us_per_call"":0.063}}"
oregonator,Oregonator,real_crn_initial,,100000,106210,5,2,2,25,5,6,1.1841804671897531,144.41012683884307,0.00820012067790273,1,1000,9.799999999999999,0.09999999999999999,9.9,135.0,1.0,0.008362053959965187,10.456,5.731,0.11,nan,1.623,2.282,0.325,0.058,0.049,"{""batch step"":{""calls"":1000,""us_per_call"":10.456},""finish batch step"":{""calls"":1000,""us_per_call"":0.049},""process batch"":{""calls"":1000,""us_per_call"":2.282},""sample batch"":{""calls"":1000,""us_per_call"":1.623},""sample batch clock"":{""calls"":1000,""us_per_call"":0.11},""sample collision"":{""calls"":1000,""us_per_call"":0.325},""sample_coll"":{""calls"":1000,""us_per_call"":5.731},""urn commit and sort"":{""calls"":1000,""us_per_call"":0.058}}"
rossler,Rössler-Willamowski,real_crn_initial,,100000,300000,5,2,1,25,7,7,79.34653609933298,280.24956081989643,0.2831281371760128,1,1000,10.200000000000001,0.09999999999999999,10.3,253.0,70.0,0.28345299421659476,10.631,4.82,0.094,nan,1.871,3.171,0.291,0.055,0.05,"{""batch step"":{""calls"":1000,""us_per_call"":10.631},""finish batch step"":{""calls"":1000,""us_per_call"":0.05},""process batch"":{""calls"":1000,""us_per_call"":3.171},""sample batch"":{""calls"":1000,""us_per_call"":1.871},""sample batch clock"":{""calls"":1000,""us_per_call"":0.094},""sample collision"":{""calls"":1000,""us_per_call"":0.291},""sample_coll"":{""calls"":1000,""us_per_call"":4.82},""urn commit and sort"":{""calls"":1000,""us_per_call"":0.055}}"
dimerization,Dimerization,real_crn_initial,,100000,150000,4,2,1,16,2,2,44.03682318252161,198.16636488030056,0.2222214814765432,1,1000,7.300000000000001,0.09999999999999999,7.4,185.0,82.0,0.441428520929387,8.241,5.1,0.116,nan,0.946,1.253,0.313,0.065,0.057,"{""batch step"":{""calls"":1000,""us_per_call"":8.241},""finish batch step"":{""calls"":1000,""us_per_call"":0.057},""process batch"":{""calls"":1000,""us_per_call"":1.253},""sample batch"":{""calls"":1000,""us_per_call"":0.946},""sample batch clock"":{""calls"":1000,""us_per_call"":0.116},""sample collision"":{""calls"":1000,""us_per_call"":0.313},""sample_coll"":{""calls"":1000,""us_per_call"":5.1},""urn commit and sort"":{""calls"":1000,""us_per_call"":0.065}}"
lotka_volterra,Lotka-Volterra,real_crn_initial,,100000,200000,4,2,1,16,3,3,143.01497020981492,228.82280821594225,0.6250031250156249,1,1000,9.5,0.09999999999999999,9.600000000000001,218.0,136.0,0.6254454541166179,9.277,5.412,0.122,nan,1.307,1.689,0.336,0.059,0.051,"{""batch step"":{""calls"":1000,""us_per_call"":9.277},""finish batch step"":{""calls"":1000,""us_per_call"":0.051},""process batch"":{""calls"":1000,""us_per_call"":1.689},""sample batch"":{""calls"":1000,""us_per_call"":1.307},""sample batch clock"":{""calls"":1000,""us_per_call"":0.122},""sample collision"":{""calls"":1000,""us_per_call"":0.336},""sample_coll"":{""calls"":1000,""us_per_call"":5.412},""urn commit and sort"":{""calls"":1000,""us_per_call"":0.059}}"
brusselator,Order-3 Brusselator,real_crn_initial,,20000,130000,6,3,1,216,4,4,1.9592483565943635,130.44907131499522,0.015019258756264878,1,1000,21.8,0.09999999999999999,21.900000000000002,123.0,2.0,0.01635852887742172,22.228,6.008,0.098,nan,4.048,11.325,0.306,0.064,0.041,"{""batch step"":{""calls"":1000,""us_per_call"":22.228},""finish batch step"":{""calls"":1000,""us_per_call"":0.041},""process batch"":{""calls"":1000,""us_per_call"":11.325},""sample batch"":{""calls"":1000,""us_per_call"":4.048},""sample batch clock"":{""calls"":1000,""us_per_call"":0.098},""sample collision"":{""calls"":1000,""us_per_call"":0.306},""sample_coll"":{""calls"":1000,""us_per_call"":6.008},""urn commit and sort"":{""calls"":1000,""us_per_call"":0.064}}"
