scenario,family,policy,threshold,seed,elapsed_seconds,completed,timed_out,batch_calls,gillespie_calls,mode_switches,gillespie_time_fraction,repeat
oregonator_n1e5,oregonator,wallclock_timing,,201,0.3486626,True,False,596,17997,11,0.9988877378136621,0
oregonator_n1e5,oregonator,constant_670,670.0,201,0.3833108,True,False,1,20949,1,0.9999978981606761,0
oregonator_n1e5,oregonator,constant_500,500.0,201,0.4073767,True,False,1,20949,1,0.9999978981606761,0
oregonator_n1e5,oregonator,cost_model,508.38357055706695,201,0.350608,True,False,1,20949,1,0.9999978981606761,0
rossler_n1e5,rossler,wallclock_timing,,201,3.7401884,True,False,155013,1175,84,0.04335189956143795,0
rossler_n1e5,rossler,constant_670,670.0,201,4.4103567,True,False,52397,26881,5,0.7566039562776141,0
rossler_n1e5,rossler,constant_500,500.0,201,3.831523,True,False,87540,16738,5,0.5644766070946142,0
rossler_n1e5,rossler,cost_model,460.9509027986007,201,3.422948,True,False,95251,14532,6,0.5125098205490041,0
shrinking_n2e6,shrinking,wallclock_timing,,201,0.0568528,True,False,5832,4,4,0.000307022136571746,0
shrinking_n2e6,shrinking,constant_670,670.0,201,0.0597634,True,False,124,2766,1,0.9960339061086524,0
shrinking_n2e6,shrinking,constant_500,500.0,201,0.0506035,True,False,1567,2061,1,0.9376404235648815,0
shrinking_n2e6,shrinking,cost_model,590.5965783523311,201,0.0639054,True,False,789,2436,1,0.9709074804802833,0
shrinking_no_b_decay_n2e6,shrinking,wallclock_timing,,201,0.0371055,True,False,1215,711,3,0.955074744755215,0
shrinking_no_b_decay_n2e6,shrinking,constant_670,670.0,201,0.0339668,True,False,1,1037,1,0.9999741092285661,0
shrinking_no_b_decay_n2e6,shrinking,constant_500,500.0,201,0.0336031,True,False,1,1037,1,0.9999741092285661,0
shrinking_no_b_decay_n2e6,shrinking,cost_model,631.1665270258126,201,0.0286048,True,False,1,1037,1,0.9999741092285661,0
shrinking_split_b_decay_n2e6,shrinking,wallclock_timing,,201,0.0645388,True,False,5772,17,4,0.0013647680542552452,0
shrinking_split_b_decay_n2e6,shrinking,constant_670,670.0,201,0.0778253,True,False,109,2765,1,0.99603766185968,0
shrinking_split_b_decay_n2e6,shrinking,constant_500,500.0,201,0.0510801,True,False,1580,2061,1,0.9376240282456324,0
shrinking_split_b_decay_n2e6,shrinking,cost_model,539.3869913044034,201,0.0620032,True,False,1246,2223,1,0.9528406526263561,0
dimerization_n1e8,dimerization,wallclock_timing,,201,0.3006274,True,False,15536,4,4,0.001742606742932737,0
dimerization_n1e8,dimerization,constant_670,670.0,201,0.2625425,True,False,15560,0,0,0.0,0
dimerization_n1e8,dimerization,constant_500,500.0,201,0.2932105,True,False,15560,0,0,0.0,0
dimerization_n1e8,dimerization,cost_model,1008.7822031060477,201,0.2901498,True,False,15560,0,0,0.0,0
lotka_volterra_n100000,lotka_volterra,wallclock_timing,,201,0.0090913,True,False,320,275,11,0.6538443775252978,0
lotka_volterra_n100000,lotka_volterra,constant_670,670.0,201,0.0073573,True,False,1,413,1,0.9990794864076311,0
lotka_volterra_n100000,lotka_volterra,constant_500,500.0,201,0.0080625,True,False,1,413,1,0.9990794864076311,0
lotka_volterra_n100000,lotka_volterra,cost_model,716.7923960387063,201,0.0040886,True,False,1,413,1,0.9990794864076311,0
lotka_volterra_n1000000,lotka_volterra,wallclock_timing,,201,0.0509837,True,False,2678,106,4,0.0843735999355822,0
lotka_volterra_n1000000,lotka_volterra,constant_670,670.0,201,0.0423511,True,False,1,1304,1,0.9997213420133845,0
lotka_volterra_n1000000,lotka_volterra,constant_500,500.0,201,0.0421738,True,False,1,1304,1,0.9997213420133845,0
lotka_volterra_n1000000,lotka_volterra,cost_model,767.0622102295016,201,0.0543442,True,False,1,1304,1,0.9997213420133845,0
lotka_volterra_n10000000,lotka_volterra,wallclock_timing,,201,0.1777586,True,False,9127,72,6,0.017995904704066912,0
lotka_volterra_n10000000,lotka_volterra,constant_670,670.0,201,0.1775823,True,False,9272,0,0,0.0,0
lotka_volterra_n10000000,lotka_volterra,constant_500,500.0,201,0.1449775,True,False,9272,0,0,0.0,0
lotka_volterra_n10000000,lotka_volterra,cost_model,874.6990353728594,201,0.1564874,True,False,9272,0,0,0.0,0
brusselator_n2e4,brusselator,wallclock_timing,,201,0.1282576,True,False,256,5470,1,0.9997627870625647,0
brusselator_n2e4,brusselator,constant_670,670.0,201,0.1229562,True,False,1,5453,1,0.9999992612347661,0
brusselator_n2e4,brusselator,constant_500,500.0,201,0.1214226,True,False,1,5453,1,0.9999992612347661,0
brusselator_n2e4,brusselator,cost_model,925.428283866978,201,0.1752287,True,False,1,5453,1,0.9999992612347661,0
oregonator_n1e5,oregonator,wallclock_timing,,202,0.3257826,True,False,523,21549,15,0.998986404739157,0
oregonator_n1e5,oregonator,constant_670,670.0,202,0.3596914,True,False,1,20859,1,0.9999937498028175,0
oregonator_n1e5,oregonator,constant_500,500.0,202,0.3408151,True,False,1,20859,1,0.9999937498028175,0
oregonator_n1e5,oregonator,cost_model,508.38357055706695,202,0.311441,True,False,1,20859,1,0.9999937498028175,0
rossler_n1e5,rossler,wallclock_timing,,202,3.5262375,True,False,123049,8064,59,0.28250788379468994,0
rossler_n1e5,rossler,constant_670,670.0,202,4.4957291,True,False,52512,26859,5,0.7558427513877908,0
rossler_n1e5,rossler,constant_500,500.0,202,3.9607811,True,False,87831,16706,5,0.563132083331491,0
rossler_n1e5,rossler,cost_model,460.9509027986007,202,3.6991515,True,False,94806,14556,6,0.513057913109309,0
shrinking_n2e6,shrinking,wallclock_timing,,202,0.0662631,True,False,5715,56,6,0.005224489476671616,0
shrinking_n2e6,shrinking,constant_670,670.0,202,0.0712468,True,False,111,2763,1,0.996035059669222,0
shrinking_n2e6,shrinking,constant_500,500.0,202,0.0527118,True,False,1571,2061,1,0.937619875561539,0
shrinking_n2e6,shrinking,cost_model,590.5965783523311,202,0.0686835,True,False,775,2438,1,0.9708844544969373,0
shrinking_no_b_decay_n2e6,shrinking,wallclock_timing,,202,0.0309937,True,False,795,815,3,0.9711806414827073,0
shrinking_no_b_decay_n2e6,shrinking,constant_670,670.0,202,0.0417479,True,False,1,1037,1,0.9999099244721722,0
shrinking_no_b_decay_n2e6,shrinking,constant_500,500.0,202,0.0262496,True,False,1,1037,1,0.9999099244721722,0
shrinking_no_b_decay_n2e6,shrinking,cost_model,631.1665270258126,202,0.0270433,True,False,1,1037,1,0.9999099244721722,0
shrinking_split_b_decay_n2e6,shrinking,wallclock_timing,,202,0.0590722,True,False,5828,2,2,0.00014770176881116087,0
shrinking_split_b_decay_n2e6,shrinking,constant_670,670.0,202,0.0690574,True,False,112,2761,1,0.9960039835624497,0
shrinking_split_b_decay_n2e6,shrinking,constant_500,500.0,202,0.0742718,True,False,1566,2058,1,0.9377536559512847,0
shrinking_split_b_decay_n2e6,shrinking,cost_model,539.3869913044034,202,0.0645895,True,False,1243,2224,1,0.9528603981081563,0
dimerization_n1e8,dimerization,wallclock_timing,,202,0.2955559,True,False,15596,4,4,0.001743187032274312,0
dimerization_n1e8,dimerization,constant_670,670.0,202,0.2943005,True,False,15620,0,0,0.0,0
dimerization_n1e8,dimerization,constant_500,500.0,202,0.2963119,True,False,15620,0,0,0.0,0
dimerization_n1e8,dimerization,cost_model,1008.7822031060477,202,0.3482495,True,False,15620,0,0,0.0,0
lotka_volterra_n100000,lotka_volterra,wallclock_timing,,202,0.0106646,True,False,278,282,5,0.6677339129721895,0
lotka_volterra_n100000,lotka_volterra,constant_670,670.0,202,0.0039841,True,False,1,413,1,0.9971340809886509,0
lotka_volterra_n100000,lotka_volterra,constant_500,500.0,202,0.0058346,True,False,1,413,1,0.9971340809886509,0
lotka_volterra_n100000,lotka_volterra,cost_model,716.7923960387063,202,0.0043091,True,False,1,413,1,0.9971340809886509,0
lotka_volterra_n1000000,lotka_volterra,wallclock_timing,,202,0.0569921,True,False,2520,187,4,0.14058113255766586,0
lotka_volterra_n1000000,lotka_volterra,constant_670,670.0,202,0.0606315,True,False,1,1303,1,0.9990586800693992,0
lotka_volterra_n1000000,lotka_volterra,constant_500,500.0,202,0.0475039,True,False,1,1303,1,0.9990586800693992,0
lotka_volterra_n1000000,lotka_volterra,cost_model,767.0622102295016,202,0.0569146,True,False,1,1303,1,0.9990586800693992,0
lotka_volterra_n10000000,lotka_volterra,wallclock_timing,,202,0.1681045,True,False,9359,6,6,0.001463654545484045,0
lotka_volterra_n10000000,lotka_volterra,constant_670,670.0,202,0.1357993,True,False,9374,0,0,0.0,0
lotka_volterra_n10000000,lotka_volterra,constant_500,500.0,202,0.1349194,True,False,9374,0,0,0.0,0
lotka_volterra_n10000000,lotka_volterra,cost_model,874.6990353728594,202,0.1582082,True,False,9374,0,0,0.0,0
brusselator_n2e4,brusselator,wallclock_timing,,202,0.1611371,True,False,256,5479,1,0.9997774655996565,0
brusselator_n2e4,brusselator,constant_670,670.0,202,0.1157037,True,False,1,5467,1,0.9999978305577297,0
brusselator_n2e4,brusselator,constant_500,500.0,202,0.1351797,True,False,1,5467,1,0.9999978305577297,0
brusselator_n2e4,brusselator,cost_model,925.428283866978,202,0.1642722,True,False,1,5467,1,0.9999978305577297,0
oregonator_n1e5,oregonator,wallclock_timing,,203,0.3058767,True,False,258,16401,7,0.9994962320275045,0
oregonator_n1e5,oregonator,constant_670,670.0,203,0.3225127,True,False,1,16243,1,0.9999977608429462,0
oregonator_n1e5,oregonator,constant_500,500.0,203,0.2983523,True,False,1,16243,1,0.9999977608429462,0
oregonator_n1e5,oregonator,cost_model,508.38357055706695,203,0.3023866,True,False,1,16243,1,0.9999977608429462,0
rossler_n1e5,rossler,wallclock_timing,,203,3.4530431,True,False,157387,592,58,0.04164711794432297,0
rossler_n1e5,rossler,constant_670,670.0,203,4.375785,True,False,52340,26948,5,0.7568674763880193,0
rossler_n1e5,rossler,constant_500,500.0,203,3.8356977,True,False,87934,16718,5,0.5640229786080273,0
rossler_n1e5,rossler,cost_model,460.9509027986007,203,3.9061276,True,False,94964,14553,5,0.5128411602808983,0
shrinking_n2e6,shrinking,wallclock_timing,,203,0.0753368,True,False,5795,2,2,0.0001477159358357163,0
shrinking_n2e6,shrinking,constant_670,670.0,203,0.0750669,True,False,112,2762,1,0.9960154540660029,0
shrinking_n2e6,shrinking,constant_500,500.0,203,0.0734583,True,False,1568,2056,1,0.9376944895859218,0
shrinking_n2e6,shrinking,cost_model,590.5965783523311,203,0.0657371,True,False,770,2436,1,0.9708880690055588,0
shrinking_no_b_decay_n2e6,shrinking,wallclock_timing,,203,0.0411914,True,False,2355,483,5,0.9080068206780773,0
shrinking_no_b_decay_n2e6,shrinking,constant_670,670.0,203,0.0378411,True,False,1,1039,1,0.9999722317358922,0
shrinking_no_b_decay_n2e6,shrinking,constant_500,500.0,203,0.0398501,True,False,1,1039,1,0.9999722317358922,0
shrinking_no_b_decay_n2e6,shrinking,cost_model,631.1665270258126,203,0.0420062,True,False,1,1039,1,0.9999722317358922,0
shrinking_split_b_decay_n2e6,shrinking,wallclock_timing,,203,0.0654944,True,False,5829,2,2,0.00014784024034455195,0
shrinking_split_b_decay_n2e6,shrinking,constant_670,670.0,203,0.0940592,True,False,113,2765,1,0.9959807808381003,0
shrinking_split_b_decay_n2e6,shrinking,constant_500,500.0,203,0.0732125,True,False,1553,2062,1,0.9377192032500384,0
shrinking_split_b_decay_n2e6,shrinking,cost_model,539.3869913044034,203,0.070905,True,False,1220,2223,1,0.9528405387194713,0
dimerization_n1e8,dimerization,wallclock_timing,,203,0.2796138,True,False,15674,4,4,0.0017422678850959258,0
dimerization_n1e8,dimerization,constant_670,670.0,203,0.3011877,True,False,15707,0,0,0.0,0
dimerization_n1e8,dimerization,constant_500,500.0,203,0.2905229,True,False,15707,0,0,0.0,0
dimerization_n1e8,dimerization,cost_model,1008.7822031060477,203,0.282569,True,False,15707,0,0,0.0,0
lotka_volterra_n100000,lotka_volterra,wallclock_timing,,203,0.0099708,True,False,339,262,12,0.6278503366185548,0
lotka_volterra_n100000,lotka_volterra,constant_670,670.0,203,0.0059469,True,False,1,413,1,0.999015716809535,0
lotka_volterra_n100000,lotka_volterra,constant_500,500.0,203,0.0037226,True,False,1,413,1,0.999015716809535,0
lotka_volterra_n100000,lotka_volterra,cost_model,716.7923960387063,203,0.003708,True,False,1,413,1,0.999015716809535,0
lotka_volterra_n1000000,lotka_volterra,wallclock_timing,,203,0.0456303,True,False,2942,14,8,0.010581582569642534,0
lotka_volterra_n1000000,lotka_volterra,constant_670,670.0,203,0.0477976,True,False,1,1304,1,0.9997010819549762,0
lotka_volterra_n1000000,lotka_volterra,constant_500,500.0,203,0.0416314,True,False,1,1304,1,0.9997010819549762,0
lotka_volterra_n1000000,lotka_volterra,cost_model,767.0622102295016,203,0.0436199,True,False,1,1304,1,0.9997010819549762,0
lotka_volterra_n10000000,lotka_volterra,wallclock_timing,,203,0.1614754,True,False,9375,13,6,0.0031489018099266353,0
lotka_volterra_n10000000,lotka_volterra,constant_670,670.0,203,0.1584424,True,False,9394,0,0,0.0,0
lotka_volterra_n10000000,lotka_volterra,constant_500,500.0,203,0.2072946,True,False,9394,0,0,0.0,0
lotka_volterra_n10000000,lotka_volterra,cost_model,874.6990353728594,203,0.1542355,True,False,9394,0,0,0.0,0
brusselator_n2e4,brusselator,wallclock_timing,,203,0.1657772,True,False,256,5461,1,0.999770872294258,0
brusselator_n2e4,brusselator,constant_670,670.0,203,0.1386686,True,False,1,5472,1,0.9999992165033698,0
brusselator_n2e4,brusselator,constant_500,500.0,203,0.1610656,True,False,1,5472,1,0.9999992165033698,0
brusselator_n2e4,brusselator,cost_model,925.428283866978,203,0.1709843,True,False,1,5472,1,0.9999992165033698,0
oregonator_n1e5,oregonator,wallclock_timing,,204,0.2947145,True,False,1021,15452,11,0.9980052309947417,0
oregonator_n1e5,oregonator,constant_670,670.0,204,0.2405783,True,False,1,14491,1,0.999996074074372,0
oregonator_n1e5,oregonator,constant_500,500.0,204,0.2343855,True,False,1,14491,1,0.999996074074372,0
oregonator_n1e5,oregonator,cost_model,508.38357055706695,204,0.2282793,True,False,1,14491,1,0.999996074074372,0
rossler_n1e5,rossler,wallclock_timing,,204,3.5158771,True,False,152236,2215,64,0.0847700779725363,0
rossler_n1e5,rossler,constant_670,670.0,204,4.4587066,True,False,52516,26825,5,0.7555443598792472,0
rossler_n1e5,rossler,constant_500,500.0,204,3.9334561,True,False,87971,16679,5,0.5633018972992108,0
rossler_n1e5,rossler,cost_model,460.9509027986007,204,3.6593943,True,False,94462,14578,5,0.513808845656051,0
shrinking_n2e6,shrinking,wallclock_timing,,204,0.0660665,True,False,5775,11,4,0.0008388594117813383,0
shrinking_n2e6,shrinking,constant_670,670.0,204,0.0785768,True,False,115,2762,1,0.9959898307827866,0
shrinking_n2e6,shrinking,constant_500,500.0,204,0.0755497,True,False,1552,2061,1,0.9375646416343817,0
shrinking_n2e6,shrinking,cost_model,590.5965783523311,204,0.0662814,True,False,789,2434,1,0.9708657423631665,0
shrinking_no_b_decay_n2e6,shrinking,wallclock_timing,,204,0.1015308,True,False,8447,31,3,0.6075544208062773,0
shrinking_no_b_decay_n2e6,shrinking,constant_670,670.0,204,0.0348382,True,False,1,1038,1,0.9999496184184642,0
shrinking_no_b_decay_n2e6,shrinking,constant_500,500.0,204,0.0349222,True,False,1,1038,1,0.9999496184184642,0
shrinking_no_b_decay_n2e6,shrinking,cost_model,631.1665270258126,204,0.0364314,True,False,1,1038,1,0.9999496184184642,0
shrinking_split_b_decay_n2e6,shrinking,wallclock_timing,,204,0.078009,True,False,5782,2,2,0.0001477455696887581,0
shrinking_split_b_decay_n2e6,shrinking,constant_670,670.0,204,0.0794681,True,False,114,2764,1,0.9960178360817821,0
shrinking_split_b_decay_n2e6,shrinking,constant_500,500.0,204,0.0653677,True,False,1567,2061,1,0.937625510021983,0
shrinking_split_b_decay_n2e6,shrinking,cost_model,539.3869913044034,204,0.0805326,True,False,1239,2222,1,0.952797641494074,0
dimerization_n1e8,dimerization,wallclock_timing,,204,0.2762668,True,False,15637,4,4,0.001743183904802794,0
dimerization_n1e8,dimerization,constant_670,670.0,204,0.2841032,True,False,15657,0,0,0.0,0
dimerization_n1e8,dimerization,constant_500,500.0,204,0.3350196,True,False,15657,0,0,0.0,0
dimerization_n1e8,dimerization,cost_model,1008.7822031060477,204,0.2963254,True,False,15657,0,0,0.0,0
lotka_volterra_n100000,lotka_volterra,wallclock_timing,,204,0.0058455,True,False,265,290,5,0.6875953573454903,0
lotka_volterra_n100000,lotka_volterra,constant_670,670.0,204,0.0034053,True,False,1,412,1,0.9982660209431583,0
lotka_volterra_n100000,lotka_volterra,constant_500,500.0,204,0.0031894,True,False,1,412,1,0.9982660209431583,0
lotka_volterra_n100000,lotka_volterra,cost_model,716.7923960387063,204,0.0050147,True,False,1,412,1,0.9982660209431583,0
lotka_volterra_n1000000,lotka_volterra,wallclock_timing,,204,0.0497115,True,False,2900,16,8,0.01267007102080732,0
lotka_volterra_n1000000,lotka_volterra,constant_670,670.0,204,0.0491644,True,False,1,1304,1,0.9994617731155586,0
lotka_volterra_n1000000,lotka_volterra,constant_500,500.0,204,0.0535781,True,False,1,1304,1,0.9994617731155586,0
lotka_volterra_n1000000,lotka_volterra,cost_model,767.0622102295016,204,0.0406012,True,False,1,1304,1,0.9994617731155586,0
lotka_volterra_n10000000,lotka_volterra,wallclock_timing,,204,0.1943455,True,False,9347,11,8,0.0026795878045596383,0
lotka_volterra_n10000000,lotka_volterra,constant_670,670.0,204,0.1753896,True,False,9383,0,0,0.0,0
lotka_volterra_n10000000,lotka_volterra,constant_500,500.0,204,0.1710815,True,False,9383,0,0,0.0,0
lotka_volterra_n10000000,lotka_volterra,cost_model,874.6990353728594,204,0.191606,True,False,9383,0,0,0.0,0
brusselator_n2e4,brusselator,wallclock_timing,,204,0.1480938,True,False,256,5467,1,0.999767204000676,0
brusselator_n2e4,brusselator,constant_670,670.0,204,0.1689385,True,False,1,5452,1,0.9999986328457773,0
brusselator_n2e4,brusselator,constant_500,500.0,204,0.1503564,True,False,1,5452,1,0.9999986328457773,0
brusselator_n2e4,brusselator,cost_model,925.428283866978,204,0.1434484,True,False,1,5452,1,0.9999986328457773,0
oregonator_n1e5,oregonator,wallclock_timing,,205,0.1815567,True,False,307,12255,7,0.9994297467868348,0
oregonator_n1e5,oregonator,constant_670,670.0,205,0.2060195,True,False,1,12784,1,0.9999987583422577,0
oregonator_n1e5,oregonator,constant_500,500.0,205,0.2019676,True,False,1,12784,1,0.9999987583422577,0
oregonator_n1e5,oregonator,cost_model,508.38357055706695,205,0.1884531,True,False,1,12784,1,0.9999987583422577,0
rossler_n1e5,rossler,wallclock_timing,,205,3.6368689,True,False,115570,9541,58,0.32156654244234006,0
rossler_n1e5,rossler,constant_670,670.0,205,4.4815223,True,False,52394,26857,5,0.7559405469574761,0
rossler_n1e5,rossler,constant_500,500.0,205,3.7864095,True,False,87767,16689,5,0.5630119683739166,0
rossler_n1e5,rossler,cost_model,460.9509027986007,205,3.5557185,True,False,94920,14539,6,0.5121074190365714,0
shrinking_n2e6,shrinking,wallclock_timing,,205,0.0677075,True,False,5777,2,2,0.00014787778493438163,0
shrinking_n2e6,shrinking,constant_670,670.0,205,0.0724461,True,False,112,2762,1,0.9960044309431374,0
shrinking_n2e6,shrinking,constant_500,500.0,205,0.0516079,True,False,1526,2058,1,0.9377056699887371,0
shrinking_n2e6,shrinking,cost_model,590.5965783523311,205,0.069004,True,False,774,2437,1,0.9708897315829932,0
shrinking_no_b_decay_n2e6,shrinking,wallclock_timing,,205,0.0518573,True,False,3107,356,3,0.8764880376196552,0
shrinking_no_b_decay_n2e6,shrinking,constant_670,670.0,205,0.0418567,True,False,1,1037,1,0.9999831200119087,0
shrinking_no_b_decay_n2e6,shrinking,constant_500,500.0,205,0.0357039,True,False,1,1037,1,0.9999831200119087,0
shrinking_no_b_decay_n2e6,shrinking,cost_model,631.1665270258126,205,0.036478,True,False,1,1037,1,0.9999831200119087,0
shrinking_split_b_decay_n2e6,shrinking,wallclock_timing,,205,0.0750023,True,False,5840,4,4,0.00032714004530552676,0
shrinking_split_b_decay_n2e6,shrinking,constant_670,670.0,205,0.0834149,True,False,126,2766,1,0.9960350081982314,0
shrinking_split_b_decay_n2e6,shrinking,constant_500,500.0,205,0.0591292,True,False,1589,2057,1,0.9376019835787591,0
shrinking_split_b_decay_n2e6,shrinking,cost_model,539.3869913044034,205,0.0585002,True,False,1254,2216,1,0.9527646088081828,0
dimerization_n1e8,dimerization,wallclock_timing,,205,0.2924635,True,False,15535,4,4,0.00174261383639902,0
dimerization_n1e8,dimerization,constant_670,670.0,205,0.2634223,True,False,15571,0,0,0.0,0
dimerization_n1e8,dimerization,constant_500,500.0,205,0.2965684,True,False,15571,0,0,0.0,0
dimerization_n1e8,dimerization,cost_model,1008.7822031060477,205,0.2679416,True,False,15571,0,0,0.0,0
lotka_volterra_n100000,lotka_volterra,wallclock_timing,,205,0.0168732,True,False,834,49,8,0.11928316143029238,0
lotka_volterra_n100000,lotka_volterra,constant_670,670.0,205,0.0041448,True,False,1,413,1,0.9994417007747292,0
lotka_volterra_n100000,lotka_volterra,constant_500,500.0,205,0.0072333,True,False,1,413,1,0.9994417007747292,0
lotka_volterra_n100000,lotka_volterra,cost_model,716.7923960387063,205,0.0050128,True,False,1,413,1,0.9994417007747292,0
lotka_volterra_n1000000,lotka_volterra,wallclock_timing,,205,0.0505893,True,False,1975,417,9,0.31606462634051996,0
lotka_volterra_n1000000,lotka_volterra,constant_670,670.0,205,0.0465309,True,False,1,1304,1,0.9998214363845963,0
lotka_volterra_n1000000,lotka_volterra,constant_500,500.0,205,0.0459157,True,False,1,1304,1,0.9998214363845963,0
lotka_volterra_n1000000,lotka_volterra,cost_model,767.0622102295016,205,0.0510839,True,False,1,1304,1,0.9998214363845963,0
lotka_volterra_n10000000,lotka_volterra,wallclock_timing,,205,0.1970528,True,False,9256,4,4,0.0009621461275901091,0
lotka_volterra_n10000000,lotka_volterra,constant_670,670.0,205,0.1762602,True,False,9268,0,0,0.0,0
lotka_volterra_n10000000,lotka_volterra,constant_500,500.0,205,0.1831473,True,False,9268,0,0,0.0,0
lotka_volterra_n10000000,lotka_volterra,cost_model,874.6990353728594,205,0.1623189,True,False,9268,0,0,0.0,0
brusselator_n2e4,brusselator,wallclock_timing,,205,0.1347471,True,False,256,5460,1,0.9997679441070948,0
brusselator_n2e4,brusselator,constant_670,670.0,205,0.1453354,True,False,1,5494,1,0.9999995688274069,0
brusselator_n2e4,brusselator,constant_500,500.0,205,0.119235,True,False,1,5494,1,0.9999995688274069,0
brusselator_n2e4,brusselator,cost_model,925.428283866978,205,0.1409807,True,False,1,5494,1,0.9999995688274069,0
oregonator_n1e5,oregonator,wallclock_timing,,206,0.2725788,True,False,134,16434,9,0.9997706300459803,0
oregonator_n1e5,oregonator,constant_670,670.0,206,0.1934176,True,False,1,12544,1,0.9999989584326168,0
oregonator_n1e5,oregonator,constant_500,500.0,206,0.2475803,True,False,1,12544,1,0.9999989584326168,0
oregonator_n1e5,oregonator,cost_model,508.38357055706695,206,0.2191211,True,False,1,12544,1,0.9999989584326168,0
rossler_n1e5,rossler,wallclock_timing,,206,3.4387938,True,False,156130,1104,70,0.0625416480009725,0
rossler_n1e5,rossler,constant_670,670.0,206,4.6339124,True,False,52251,26904,5,0.7566970850317233,0
rossler_n1e5,rossler,constant_500,500.0,206,4.0585368,True,False,88195,16711,5,0.5634586055593243,0
rossler_n1e5,rossler,cost_model,460.9509027986007,206,3.942426,True,False,95139,14531,5,0.5122857996129322,0
shrinking_n2e6,shrinking,wallclock_timing,,206,0.0647132,True,False,5728,26,4,0.002188775703571191,0
shrinking_n2e6,shrinking,constant_670,670.0,206,0.0798386,True,False,117,2767,1,0.9960537458852601,0
shrinking_n2e6,shrinking,constant_500,500.0,206,0.0600889,True,False,1588,2059,1,0.9376113192322111,0
shrinking_n2e6,shrinking,cost_model,590.5965783523311,206,0.0561921,True,False,798,2432,1,0.9708633875836248,0
shrinking_no_b_decay_n2e6,shrinking,wallclock_timing,,206,0.0365226,True,False,560,894,5,0.9801472636636553,0
shrinking_no_b_decay_n2e6,shrinking,constant_670,670.0,206,0.0334988,True,False,1,1037,1,0.9999869731340407,0
shrinking_no_b_decay_n2e6,shrinking,constant_500,500.0,206,0.0318417,True,False,1,1037,1,0.9999869731340407,0
shrinking_no_b_decay_n2e6,shrinking,cost_model,631.1665270258126,206,0.0312379,True,False,1,1037,1,0.9999869731340407,0
shrinking_split_b_decay_n2e6,shrinking,wallclock_timing,,206,0.0581257,True,False,5768,2,2,0.00014789372220121448,0
shrinking_split_b_decay_n2e6,shrinking,constant_670,670.0,206,0.0666804,True,False,116,2766,1,0.996006378994552,0
shrinking_split_b_decay_n2e6,shrinking,constant_500,500.0,206,0.0601579,True,False,1545,2060,1,0.9376531989756828,0
shrinking_split_b_decay_n2e6,shrinking,cost_model,539.3869913044034,206,0.0630862,True,False,1198,2222,1,0.9527534802268623,0
dimerization_n1e8,dimerization,wallclock_timing,,206,0.2566003,True,False,15521,4,4,0.0017428208468527693,0
dimerization_n1e8,dimerization,constant_670,670.0,206,0.2557637,True,False,15552,0,0,0.0,0
dimerization_n1e8,dimerization,constant_500,500.0,206,0.2567613,True,False,15552,0,0,0.0,0
dimerization_n1e8,dimerization,cost_model,1008.7822031060477,206,0.2762714,True,False,15552,0,0,0.0,0
lotka_volterra_n100000,lotka_volterra,wallclock_timing,,206,0.012041,True,False,326,269,11,0.6381854095370665,0
lotka_volterra_n100000,lotka_volterra,constant_670,670.0,206,0.0064218,True,False,1,413,1,0.9995452706327296,0
lotka_volterra_n100000,lotka_volterra,constant_500,500.0,206,0.0054619,True,False,1,413,1,0.9995452706327296,0
lotka_volterra_n100000,lotka_volterra,cost_model,716.7923960387063,206,0.0045736,True,False,1,413,1,0.9995452706327296,0
lotka_volterra_n1000000,lotka_volterra,wallclock_timing,,206,0.053097,True,False,2873,36,4,0.028675814794875118,0
lotka_volterra_n1000000,lotka_volterra,constant_670,670.0,206,0.042014,True,False,1,1303,1,0.9998602689444208,0
lotka_volterra_n1000000,lotka_volterra,constant_500,500.0,206,0.0373891,True,False,1,1303,1,0.9998602689444208,0
lotka_volterra_n1000000,lotka_volterra,cost_model,767.0622102295016,206,0.0443039,True,False,1,1303,1,0.9998602689444208,0
lotka_volterra_n10000000,lotka_volterra,wallclock_timing,,206,0.1730141,True,False,9150,71,8,0.01700478206509175,0
lotka_volterra_n10000000,lotka_volterra,constant_670,670.0,206,0.1782565,True,False,9344,0,0,0.0,0
lotka_volterra_n10000000,lotka_volterra,constant_500,500.0,206,0.148749,True,False,9344,0,0,0.0,0
lotka_volterra_n10000000,lotka_volterra,cost_model,874.6990353728594,206,0.1539354,True,False,9344,0,0,0.0,0
brusselator_n2e4,brusselator,wallclock_timing,,206,0.1562745,True,False,256,5485,1,0.9997715623929242,0
brusselator_n2e4,brusselator,constant_670,670.0,206,0.1360748,True,False,1,5469,1,0.9999996343722548,0
brusselator_n2e4,brusselator,constant_500,500.0,206,0.1314989,True,False,1,5469,1,0.9999996343722548,0
brusselator_n2e4,brusselator,cost_model,925.428283866978,206,0.1549282,True,False,1,5469,1,0.9999996343722548,0
oregonator_n1e5,oregonator,wallclock_timing,,201,0.2831245,True,False,963,18723,11,0.9981684777309975,1
oregonator_n1e5,oregonator,constant_670,670.0,201,0.3353712,True,False,1,20949,1,0.9999978981606761,1
oregonator_n1e5,oregonator,constant_500,500.0,201,0.3429803,True,False,1,20949,1,0.9999978981606761,1
oregonator_n1e5,oregonator,cost_model,508.38357055706695,201,0.3374985,True,False,1,20949,1,0.9999978981606761,1
rossler_n1e5,rossler,wallclock_timing,,201,3.2824273,True,False,119304,8263,52,0.2996115114292601,1
rossler_n1e5,rossler,constant_670,670.0,201,4.5202427,True,False,52397,26881,5,0.7566039562776141,1
rossler_n1e5,rossler,constant_500,500.0,201,3.8125261,True,False,87540,16738,5,0.5644766070946142,1
rossler_n1e5,rossler,cost_model,460.9509027986007,201,4.0812243,True,False,95251,14532,6,0.5125098205490041,1
shrinking_n2e6,shrinking,wallclock_timing,,201,0.0813595,True,False,5811,2,2,0.00014751850027158492,1
shrinking_n2e6,shrinking,constant_670,670.0,201,0.0828239,True,False,124,2766,1,0.9960339061086524,1
shrinking_n2e6,shrinking,constant_500,500.0,201,0.062783,True,False,1567,2061,1,0.9376404235648815,1
shrinking_n2e6,shrinking,cost_model,590.5965783523311,201,0.0691726,True,False,789,2436,1,0.9709074804802833,1
shrinking_no_b_decay_n2e6,shrinking,wallclock_timing,,201,0.0399078,True,False,345,944,3,0.9886564563350253,1
shrinking_no_b_decay_n2e6,shrinking,constant_670,670.0,201,0.0437224,True,False,1,1037,1,0.9999741092285661,1
shrinking_no_b_decay_n2e6,shrinking,constant_500,500.0,201,0.0327525,True,False,1,1037,1,0.9999741092285661,1
shrinking_no_b_decay_n2e6,shrinking,cost_model,631.1665270258126,201,0.0359484,True,False,1,1037,1,0.9999741092285661,1
shrinking_split_b_decay_n2e6,shrinking,wallclock_timing,,201,0.0679823,True,False,5830,2,2,0.00014771510338424635,1
shrinking_split_b_decay_n2e6,shrinking,constant_670,670.0,201,0.082831,True,False,109,2765,1,0.99603766185968,1
shrinking_split_b_decay_n2e6,shrinking,constant_500,500.0,201,0.0641801,True,False,1580,2061,1,0.9376240282456324,1
shrinking_split_b_decay_n2e6,shrinking,cost_model,539.3869913044034,201,0.0668646,True,False,1246,2223,1,0.9528406526263561,1
dimerization_n1e8,dimerization,wallclock_timing,,201,0.2962136,True,False,15536,4,4,0.001742606742932737,1
dimerization_n1e8,dimerization,constant_670,670.0,201,0.3419099,True,False,15560,0,0,0.0,1
dimerization_n1e8,dimerization,constant_500,500.0,201,0.3211952,True,False,15560,0,0,0.0,1
dimerization_n1e8,dimerization,cost_model,1008.7822031060477,201,0.2853638,True,False,15560,0,0,0.0,1
lotka_volterra_n100000,lotka_volterra,wallclock_timing,,201,0.0154291,True,False,917,15,3,0.037027951057670705,1
lotka_volterra_n100000,lotka_volterra,constant_670,670.0,201,0.0044556,True,False,1,413,1,0.9990794864076311,1
lotka_volterra_n100000,lotka_volterra,constant_500,500.0,201,0.0041207,True,False,1,413,1,0.9990794864076311,1
lotka_volterra_n100000,lotka_volterra,cost_model,716.7923960387063,201,0.0058242,True,False,1,413,1,0.9990794864076311,1
lotka_volterra_n1000000,lotka_volterra,wallclock_timing,,201,0.0509451,True,False,671,1006,3,0.762918170500532,1
lotka_volterra_n1000000,lotka_volterra,constant_670,670.0,201,0.0503105,True,False,1,1304,1,0.9997213420133845,1
lotka_volterra_n1000000,lotka_volterra,constant_500,500.0,201,0.04702,True,False,1,1304,1,0.9997213420133845,1
lotka_volterra_n1000000,lotka_volterra,cost_model,767.0622102295016,201,0.0452366,True,False,1,1304,1,0.9997213420133845,1
lotka_volterra_n10000000,lotka_volterra,wallclock_timing,,201,0.1698328,True,False,9270,4,4,0.0009619844564825314,1
lotka_volterra_n10000000,lotka_volterra,constant_670,670.0,201,0.1753894,True,False,9272,0,0,0.0,1
lotka_volterra_n10000000,lotka_volterra,constant_500,500.0,201,0.157935,True,False,9272,0,0,0.0,1
lotka_volterra_n10000000,lotka_volterra,cost_model,874.6990353728594,201,0.2068769,True,False,9272,0,0,0.0,1
brusselator_n2e4,brusselator,wallclock_timing,,201,0.1825962,True,False,256,5470,1,0.9997627870625647,1
brusselator_n2e4,brusselator,constant_670,670.0,201,0.1697571,True,False,1,5453,1,0.9999992612347661,1
brusselator_n2e4,brusselator,constant_500,500.0,201,0.1279696,True,False,1,5453,1,0.9999992612347661,1
brusselator_n2e4,brusselator,cost_model,925.428283866978,201,0.1724096,True,False,1,5453,1,0.9999992612347661,1
oregonator_n1e5,oregonator,wallclock_timing,,202,0.3808136,True,False,102,19794,11,0.9998091950381868,1
oregonator_n1e5,oregonator,constant_670,670.0,202,0.3859792,True,False,1,20859,1,0.9999937498028175,1
oregonator_n1e5,oregonator,constant_500,500.0,202,0.3858443,True,False,1,20859,1,0.9999937498028175,1
oregonator_n1e5,oregonator,cost_model,508.38357055706695,202,0.3922278,True,False,1,20859,1,0.9999937498028175,1
rossler_n1e5,rossler,wallclock_timing,,202,3.8260964,True,False,158678,341,76,0.024863664166813775,1
rossler_n1e5,rossler,constant_670,670.0,202,4.7957399,True,False,52512,26859,5,0.7558427513877908,1
rossler_n1e5,rossler,constant_500,500.0,202,4.0258559,True,False,87831,16706,5,0.563132083331491,1
rossler_n1e5,rossler,cost_model,460.9509027986007,202,3.8236603,True,False,94806,14556,6,0.513057913109309,1
shrinking_n2e6,shrinking,wallclock_timing,,202,0.0773902,True,False,5792,6,4,0.0004966109644783431,1
shrinking_n2e6,shrinking,constant_670,670.0,202,0.0702594,True,False,111,2763,1,0.996035059669222,1
shrinking_n2e6,shrinking,constant_500,500.0,202,0.0676644,True,False,1571,2061,1,0.937619875561539,1
shrinking_n2e6,shrinking,cost_model,590.5965783523311,202,0.072333,True,False,775,2438,1,0.9708844544969373,1
shrinking_no_b_decay_n2e6,shrinking,wallclock_timing,,202,0.0392317,True,False,2076,563,5,0.9190353321151237,1
shrinking_no_b_decay_n2e6,shrinking,constant_670,670.0,202,0.0265533,True,False,1,1037,1,0.9999099244721722,1
shrinking_no_b_decay_n2e6,shrinking,constant_500,500.0,202,0.0299277,True,False,1,1037,1,0.9999099244721722,1
shrinking_no_b_decay_n2e6,shrinking,cost_model,631.1665270258126,202,0.0329614,True,False,1,1037,1,0.9999099244721722,1
shrinking_split_b_decay_n2e6,shrinking,wallclock_timing,,202,0.0516626,True,False,1295,2184,3,0.9495182809894621,1
shrinking_split_b_decay_n2e6,shrinking,constant_670,670.0,202,0.0823773,True,False,112,2761,1,0.9960039835624497,1
shrinking_split_b_decay_n2e6,shrinking,constant_500,500.0,202,0.0647607,True,False,1566,2058,1,0.9377536559512847,1
shrinking_split_b_decay_n2e6,shrinking,cost_model,539.3869913044034,202,0.0693494,True,False,1243,2224,1,0.9528603981081563,1
dimerization_n1e8,dimerization,wallclock_timing,,202,0.2812673,True,False,15596,4,4,0.001743187032274312,1
dimerization_n1e8,dimerization,constant_670,670.0,202,0.2408978,True,False,15620,0,0,0.0,1
dimerization_n1e8,dimerization,constant_500,500.0,202,0.2840283,True,False,15620,0,0,0.0,1
dimerization_n1e8,dimerization,cost_model,1008.7822031060477,202,0.2696893,True,False,15620,0,0,0.0,1
lotka_volterra_n100000,lotka_volterra,wallclock_timing,,202,0.0090443,True,False,625,130,7,0.3036078114064834,1
lotka_volterra_n100000,lotka_volterra,constant_670,670.0,202,0.0036932,True,False,1,413,1,0.9971340809886509,1
lotka_volterra_n100000,lotka_volterra,constant_500,500.0,202,0.0043248,True,False,1,413,1,0.9971340809886509,1
lotka_volterra_n100000,lotka_volterra,cost_model,716.7923960387063,202,0.0048351,True,False,1,413,1,0.9971340809886509,1
lotka_volterra_n1000000,lotka_volterra,wallclock_timing,,202,0.0459259,True,False,2910,19,4,0.01502730380196822,1
lotka_volterra_n1000000,lotka_volterra,constant_670,670.0,202,0.0349671,True,False,1,1303,1,0.9990586800693992,1
lotka_volterra_n1000000,lotka_volterra,constant_500,500.0,202,0.0356415,True,False,1,1303,1,0.9990586800693992,1
lotka_volterra_n1000000,lotka_volterra,cost_model,767.0622102295016,202,0.0457647,True,False,1,1303,1,0.9990586800693992,1
lotka_volterra_n10000000,lotka_volterra,wallclock_timing,,202,0.1439013,True,False,9364,4,4,0.0009626389990270053,1
lotka_volterra_n10000000,lotka_volterra,constant_670,670.0,202,0.1397561,True,False,9374,0,0,0.0,1
lotka_volterra_n10000000,lotka_volterra,constant_500,500.0,202,0.1683272,True,False,9374,0,0,0.0,1
lotka_volterra_n10000000,lotka_volterra,cost_model,874.6990353728594,202,0.1850565,True,False,9374,0,0,0.0,1
brusselator_n2e4,brusselator,wallclock_timing,,202,0.152482,True,False,256,5479,1,0.9997774655996565,1
brusselator_n2e4,brusselator,constant_670,670.0,202,0.1299578,True,False,1,5467,1,0.9999978305577297,1
brusselator_n2e4,brusselator,constant_500,500.0,202,0.1451267,True,False,1,5467,1,0.9999978305577297,1
brusselator_n2e4,brusselator,cost_model,925.428283866978,202,0.1747391,True,False,1,5467,1,0.9999978305577297,1
oregonator_n1e5,oregonator,wallclock_timing,,203,0.3270112,True,False,601,19154,17,0.9988429545920996,1
oregonator_n1e5,oregonator,constant_670,670.0,203,0.2498552,True,False,1,16243,1,0.9999977608429462,1
oregonator_n1e5,oregonator,constant_500,500.0,203,0.244924,True,False,1,16243,1,0.9999977608429462,1
oregonator_n1e5,oregonator,cost_model,508.38357055706695,203,0.2605851,True,False,1,16243,1,0.9999977608429462,1
rossler_n1e5,rossler,wallclock_timing,,203,3.3043407,True,False,157102,1076,74,0.0763856319153103,1
rossler_n1e5,rossler,constant_670,670.0,203,4.4432022,True,False,52340,26948,5,0.7568674763880193,1
rossler_n1e5,rossler,constant_500,500.0,203,4.1968947,True,False,87934,16718,5,0.5640229786080273,1
rossler_n1e5,rossler,cost_model,460.9509027986007,203,3.9070089,True,False,94964,14553,5,0.5128411602808983,1
shrinking_n2e6,shrinking,wallclock_timing,,203,0.0701971,True,False,5795,2,2,0.0001477159358357163,1
shrinking_n2e6,shrinking,constant_670,670.0,203,0.0994379,True,False,112,2762,1,0.9960154540660029,1
shrinking_n2e6,shrinking,constant_500,500.0,203,0.0701984,True,False,1568,2056,1,0.9376944895859218,1
shrinking_n2e6,shrinking,cost_model,590.5965783523311,203,0.0655965,True,False,770,2436,1,0.9708880690055588,1
shrinking_no_b_decay_n2e6,shrinking,wallclock_timing,,203,0.0365903,True,False,538,883,3,0.9805901368572498,1
shrinking_no_b_decay_n2e6,shrinking,constant_670,670.0,203,0.034025,True,False,1,1039,1,0.9999722317358922,1
shrinking_no_b_decay_n2e6,shrinking,constant_500,500.0,203,0.0369863,True,False,1,1039,1,0.9999722317358922,1
shrinking_no_b_decay_n2e6,shrinking,cost_model,631.1665270258126,203,0.0390424,True,False,1,1039,1,0.9999722317358922,1
shrinking_split_b_decay_n2e6,shrinking,wallclock_timing,,203,0.0675071,True,False,5816,4,4,0.00034996889832501657,1
shrinking_split_b_decay_n2e6,shrinking,constant_670,670.0,203,0.0845704,True,False,113,2765,1,0.9959807808381003,1
shrinking_split_b_decay_n2e6,shrinking,constant_500,500.0,203,0.0691123,True,False,1553,2062,1,0.9377192032500384,1
shrinking_split_b_decay_n2e6,shrinking,cost_model,539.3869913044034,203,0.0750684,True,False,1220,2223,1,0.9528405387194713,1
dimerization_n1e8,dimerization,wallclock_timing,,203,0.3014034,True,False,15674,4,4,0.0017422678850959258,1
dimerization_n1e8,dimerization,constant_670,670.0,203,0.3234014,True,False,15707,0,0,0.0,1
dimerization_n1e8,dimerization,constant_500,500.0,203,0.2889867,True,False,15707,0,0,0.0,1
dimerization_n1e8,dimerization,cost_model,1008.7822031060477,203,0.2617967,True,False,15707,0,0,0.0,1
lotka_volterra_n100000,lotka_volterra,wallclock_timing,,203,0.0165285,True,False,775,70,12,0.17010713843716518,1
lotka_volterra_n100000,lotka_volterra,constant_670,670.0,203,0.0053748,True,False,1,413,1,0.999015716809535,1
lotka_volterra_n100000,lotka_volterra,constant_500,500.0,203,0.0037182,True,False,1,413,1,0.999015716809535,1
lotka_volterra_n100000,lotka_volterra,cost_model,716.7923960387063,203,0.0037431,True,False,1,413,1,0.999015716809535,1
lotka_volterra_n1000000,lotka_volterra,wallclock_timing,,203,0.0446571,True,False,2898,28,4,0.02233449691115491,1
lotka_volterra_n1000000,lotka_volterra,constant_670,670.0,203,0.0399271,True,False,1,1304,1,0.9997010819549762,1
lotka_volterra_n1000000,lotka_volterra,constant_500,500.0,203,0.0600798,True,False,1,1304,1,0.9997010819549762,1
lotka_volterra_n1000000,lotka_volterra,cost_model,767.0622102295016,203,0.049043,True,False,1,1304,1,0.9997010819549762,1
lotka_volterra_n10000000,lotka_volterra,wallclock_timing,,203,0.168841,True,False,9371,6,6,0.001412334726569181,1
lotka_volterra_n10000000,lotka_volterra,constant_670,670.0,203,0.1719982,True,False,9394,0,0,0.0,1
lotka_volterra_n10000000,lotka_volterra,constant_500,500.0,203,0.160119,True,False,9394,0,0,0.0,1
lotka_volterra_n10000000,lotka_volterra,cost_model,874.6990353728594,203,0.169065,True,False,9394,0,0,0.0,1
brusselator_n2e4,brusselator,wallclock_timing,,203,0.1536617,True,False,256,5461,1,0.999770872294258,1
brusselator_n2e4,brusselator,constant_670,670.0,203,0.1575972,True,False,1,5472,1,0.9999992165033698,1
brusselator_n2e4,brusselator,constant_500,500.0,203,0.1478948,True,False,1,5472,1,0.9999992165033698,1
brusselator_n2e4,brusselator,cost_model,925.428283866978,203,0.1357775,True,False,1,5472,1,0.9999992165033698,1
oregonator_n1e5,oregonator,wallclock_timing,,204,0.2720319,True,False,221,16292,13,0.9995841942310911,1
oregonator_n1e5,oregonator,constant_670,670.0,204,0.2897394,True,False,1,14491,1,0.999996074074372,1
oregonator_n1e5,oregonator,constant_500,500.0,204,0.2383951,True,False,1,14491,1,0.999996074074372,1
oregonator_n1e5,oregonator,cost_model,508.38357055706695,204,0.2180701,True,False,1,14491,1,0.999996074074372,1
rossler_n1e5,rossler,wallclock_timing,,204,3.5024211,True,False,151604,2033,64,0.07990976614532394,1
rossler_n1e5,rossler,constant_670,670.0,204,4.3270484,True,False,52516,26825,5,0.7555443598792472,1
rossler_n1e5,rossler,constant_500,500.0,204,3.5690838,True,False,87971,16679,5,0.5633018972992108,1
rossler_n1e5,rossler,cost_model,460.9509027986007,204,3.4063693,True,False,94462,14578,5,0.513808845656051,1
shrinking_n2e6,shrinking,wallclock_timing,,204,0.070204,True,False,5805,9,4,0.0006724152165667684,1
shrinking_n2e6,shrinking,constant_670,670.0,204,0.0589946,True,False,115,2762,1,0.9959898307827866,1
shrinking_n2e6,shrinking,constant_500,500.0,204,0.0466184,True,False,1552,2061,1,0.9375646416343817,1
shrinking_n2e6,shrinking,cost_model,590.5965783523311,204,0.0573226,True,False,789,2434,1,0.9708657423631665,1
shrinking_no_b_decay_n2e6,shrinking,wallclock_timing,,204,0.0557137,True,False,5894,103,3,0.7421221160064396,1
shrinking_no_b_decay_n2e6,shrinking,constant_670,670.0,204,0.0304878,True,False,1,1038,1,0.9999496184184642,1
shrinking_no_b_decay_n2e6,shrinking,constant_500,500.0,204,0.0297844,True,False,1,1038,1,0.9999496184184642,1
shrinking_no_b_decay_n2e6,shrinking,cost_model,631.1665270258126,204,0.0325852,True,False,1,1038,1,0.9999496184184642,1
shrinking_split_b_decay_n2e6,shrinking,wallclock_timing,,204,0.0619497,True,False,5782,2,2,0.0001477455696887581,1
shrinking_split_b_decay_n2e6,shrinking,constant_670,670.0,204,0.077133,True,False,114,2764,1,0.9960178360817821,1
shrinking_split_b_decay_n2e6,shrinking,constant_500,500.0,204,0.0585348,True,False,1567,2061,1,0.937625510021983,1
shrinking_split_b_decay_n2e6,shrinking,cost_model,539.3869913044034,204,0.0637559,True,False,1239,2222,1,0.952797641494074,1
dimerization_n1e8,dimerization,wallclock_timing,,204,0.2614822,True,False,15637,4,4,0.001743183904802794,1
dimerization_n1e8,dimerization,constant_670,670.0,204,0.2749706,True,False,15657,0,0,0.0,1
dimerization_n1e8,dimerization,constant_500,500.0,204,0.2752484,True,False,15657,0,0,0.0,1
dimerization_n1e8,dimerization,cost_model,1008.7822031060477,204,0.2531837,True,False,15657,0,0,0.0,1
lotka_volterra_n100000,lotka_volterra,wallclock_timing,,204,0.0100307,True,False,616,134,6,0.32801023807399304,1
lotka_volterra_n100000,lotka_volterra,constant_670,670.0,204,0.0050554,True,False,1,412,1,0.9982660209431583,1
lotka_volterra_n100000,lotka_volterra,constant_500,500.0,204,0.0051177,True,False,1,412,1,0.9982660209431583,1
lotka_volterra_n100000,lotka_volterra,cost_model,716.7923960387063,204,0.0024517,True,False,1,412,1,0.9982660209431583,1
lotka_volterra_n1000000,lotka_volterra,wallclock_timing,,204,0.054925,True,False,2835,45,6,0.03479553565653347,1
lotka_volterra_n1000000,lotka_volterra,constant_670,670.0,204,0.0382528,True,False,1,1304,1,0.9994617731155586,1
lotka_volterra_n1000000,lotka_volterra,constant_500,500.0,204,0.0458481,True,False,1,1304,1,0.9994617731155586,1
lotka_volterra_n1000000,lotka_volterra,cost_model,767.0622102295016,204,0.0499835,True,False,1,1304,1,0.9994617731155586,1
lotka_volterra_n10000000,lotka_volterra,wallclock_timing,,204,0.152874,True,False,9382,4,4,0.0009626253320705463,1
lotka_volterra_n10000000,lotka_volterra,constant_670,670.0,204,0.1466462,True,False,9383,0,0,0.0,1
lotka_volterra_n10000000,lotka_volterra,constant_500,500.0,204,0.1321252,True,False,9383,0,0,0.0,1
lotka_volterra_n10000000,lotka_volterra,cost_model,874.6990353728594,204,0.1392224,True,False,9383,0,0,0.0,1
brusselator_n2e4,brusselator,wallclock_timing,,204,0.1386447,True,False,256,5467,1,0.999767204000676,1
brusselator_n2e4,brusselator,constant_670,670.0,204,0.1273494,True,False,1,5452,1,0.9999986328457773,1
brusselator_n2e4,brusselator,constant_500,500.0,204,0.1445028,True,False,1,5452,1,0.9999986328457773,1
brusselator_n2e4,brusselator,cost_model,925.428283866978,204,0.1546258,True,False,1,5452,1,0.9999986328457773,1
oregonator_n1e5,oregonator,wallclock_timing,,205,0.2391052,True,False,1181,11424,5,0.9978501268458164,1
oregonator_n1e5,oregonator,constant_670,670.0,205,0.2459619,True,False,1,12784,1,0.9999987583422577,1
oregonator_n1e5,oregonator,constant_500,500.0,205,0.2187118,True,False,1,12784,1,0.9999987583422577,1
oregonator_n1e5,oregonator,cost_model,508.38357055706695,205,0.2303394,True,False,1,12784,1,0.9999987583422577,1
rossler_n1e5,rossler,wallclock_timing,,205,3.2666712,True,False,140292,4310,66,0.19543997862067258,1
rossler_n1e5,rossler,constant_670,670.0,205,4.572793,True,False,52394,26857,5,0.7559405469574761,1
rossler_n1e5,rossler,constant_500,500.0,205,4.0024586,True,False,87767,16689,5,0.5630119683739166,1
rossler_n1e5,rossler,cost_model,460.9509027986007,205,3.7539261,True,False,94920,14539,6,0.5121074190365714,1
shrinking_n2e6,shrinking,wallclock_timing,,205,0.0641609,True,False,5767,4,4,0.00033758067759436574,1
shrinking_n2e6,shrinking,constant_670,670.0,205,0.086036,True,False,112,2762,1,0.9960044309431374,1
shrinking_n2e6,shrinking,constant_500,500.0,205,0.0656967,True,False,1526,2058,1,0.9377056699887371,1
shrinking_n2e6,shrinking,cost_model,590.5965783523311,205,0.0688279,True,False,774,2437,1,0.9708897315829932,1
shrinking_no_b_decay_n2e6,shrinking,wallclock_timing,,205,0.0977651,True,False,8436,50,9,0.6062127196560587,1
shrinking_no_b_decay_n2e6,shrinking,constant_670,670.0,205,0.0381405,True,False,1,1037,1,0.9999831200119087,1
shrinking_no_b_decay_n2e6,shrinking,constant_500,500.0,205,0.0353986,True,False,1,1037,1,0.9999831200119087,1
shrinking_no_b_decay_n2e6,shrinking,cost_model,631.1665270258126,205,0.0298769,True,False,1,1037,1,0.9999831200119087,1
shrinking_split_b_decay_n2e6,shrinking,wallclock_timing,,205,0.0656383,True,False,5872,2,2,0.00014723356669132937,1
shrinking_split_b_decay_n2e6,shrinking,constant_670,670.0,205,0.0757831,True,False,126,2766,1,0.9960350081982314,1
shrinking_split_b_decay_n2e6,shrinking,constant_500,500.0,205,0.0591819,True,False,1589,2057,1,0.9376019835787591,1
shrinking_split_b_decay_n2e6,shrinking,cost_model,539.3869913044034,205,0.067272,True,False,1254,2216,1,0.9527646088081828,1
dimerization_n1e8,dimerization,wallclock_timing,,205,0.3145898,True,False,15535,4,4,0.00174261383639902,1
dimerization_n1e8,dimerization,constant_670,670.0,205,0.2998523,True,False,15571,0,0,0.0,1
dimerization_n1e8,dimerization,constant_500,500.0,205,0.3150794,True,False,15571,0,0,0.0,1
dimerization_n1e8,dimerization,cost_model,1008.7822031060477,205,0.325981,True,False,15571,0,0,0.0,1
lotka_volterra_n100000,lotka_volterra,wallclock_timing,,205,0.0082621,True,False,379,248,6,0.594576528425406,1
lotka_volterra_n100000,lotka_volterra,constant_670,670.0,205,0.0068881,True,False,1,413,1,0.9994417007747292,1
lotka_volterra_n100000,lotka_volterra,constant_500,500.0,205,0.0061402,True,False,1,413,1,0.9994417007747292,1
lotka_volterra_n100000,lotka_volterra,cost_model,716.7923960387063,205,0.0045278,True,False,1,413,1,0.9994417007747292,1
lotka_volterra_n1000000,lotka_volterra,wallclock_timing,,205,0.044843,True,False,2706,95,6,0.07343008993576484,1
lotka_volterra_n1000000,lotka_volterra,constant_670,670.0,205,0.0475716,True,False,1,1304,1,0.9998214363845963,1
lotka_volterra_n1000000,lotka_volterra,constant_500,500.0,205,0.0437032,True,False,1,1304,1,0.9998214363845963,1
lotka_volterra_n1000000,lotka_volterra,cost_model,767.0622102295016,205,0.050752,True,False,1,1304,1,0.9998214363845963,1
lotka_volterra_n10000000,lotka_volterra,wallclock_timing,,205,0.1766158,True,False,9256,4,4,0.0009621461275901091,1
lotka_volterra_n10000000,lotka_volterra,constant_670,670.0,205,0.1494574,True,False,9268,0,0,0.0,1
lotka_volterra_n10000000,lotka_volterra,constant_500,500.0,205,0.1487884,True,False,9268,0,0,0.0,1
lotka_volterra_n10000000,lotka_volterra,cost_model,874.6990353728594,205,0.1805516,True,False,9268,0,0,0.0,1
brusselator_n2e4,brusselator,wallclock_timing,,205,0.1761883,True,False,256,5460,1,0.9997679441070948,1
brusselator_n2e4,brusselator,constant_670,670.0,205,0.1268143,True,False,1,5494,1,0.9999995688274069,1
brusselator_n2e4,brusselator,constant_500,500.0,205,0.1685196,True,False,1,5494,1,0.9999995688274069,1
brusselator_n2e4,brusselator,cost_model,925.428283866978,205,0.1569651,True,False,1,5494,1,0.9999995688274069,1
oregonator_n1e5,oregonator,wallclock_timing,,206,0.1953492,True,False,3,11900,3,0.9999944376860895,1
oregonator_n1e5,oregonator,constant_670,670.0,206,0.1979638,True,False,1,12544,1,0.9999989584326168,1
oregonator_n1e5,oregonator,constant_500,500.0,206,0.1968725,True,False,1,12544,1,0.9999989584326168,1
oregonator_n1e5,oregonator,cost_model,508.38357055706695,206,0.2910846,True,False,1,12544,1,0.9999989584326168,1
rossler_n1e5,rossler,wallclock_timing,,206,3.8032414,True,False,104036,13558,58,0.3842699520711051,1
rossler_n1e5,rossler,constant_670,670.0,206,3.9690074,True,False,52251,26904,5,0.7566970850317233,1
rossler_n1e5,rossler,constant_500,500.0,206,3.7382319,True,False,88195,16711,5,0.5634586055593243,1
rossler_n1e5,rossler,cost_model,460.9509027986007,206,3.5118091,True,False,95139,14531,5,0.5122857996129322,1
shrinking_n2e6,shrinking,wallclock_timing,,206,0.0644037,True,False,5842,2,2,0.00014744902239201664,1
shrinking_n2e6,shrinking,constant_670,670.0,206,0.0676829,True,False,117,2767,1,0.9960537458852601,1
shrinking_n2e6,shrinking,constant_500,500.0,206,0.0510632,True,False,1588,2059,1,0.9376113192322111,1
shrinking_n2e6,shrinking,cost_model,590.5965783523311,206,0.0656805,True,False,798,2432,1,0.9708633875836248,1
shrinking_no_b_decay_n2e6,shrinking,wallclock_timing,,206,0.0491579,True,False,2255,525,7,0.9128206454995095,1
shrinking_no_b_decay_n2e6,shrinking,constant_670,670.0,206,0.0340582,True,False,1,1037,1,0.9999869731340407,1
shrinking_no_b_decay_n2e6,shrinking,constant_500,500.0,206,0.0361228,True,False,1,1037,1,0.9999869731340407,1
shrinking_no_b_decay_n2e6,shrinking,cost_model,631.1665270258126,206,0.0379071,True,False,1,1037,1,0.9999869731340407,1
shrinking_split_b_decay_n2e6,shrinking,wallclock_timing,,206,0.0678609,True,False,5768,2,2,0.00014789372220121448,1
shrinking_split_b_decay_n2e6,shrinking,constant_670,670.0,206,0.0881248,True,False,116,2766,1,0.996006378994552,1
shrinking_split_b_decay_n2e6,shrinking,constant_500,500.0,206,0.0618728,True,False,1545,2060,1,0.9376531989756828,1
shrinking_split_b_decay_n2e6,shrinking,cost_model,539.3869913044034,206,0.0732976,True,False,1198,2222,1,0.9527534802268623,1
dimerization_n1e8,dimerization,wallclock_timing,,206,0.3155242,True,False,15521,4,4,0.0017428208468527693,1
dimerization_n1e8,dimerization,constant_670,670.0,206,0.2793023,True,False,15552,0,0,0.0,1
dimerization_n1e8,dimerization,constant_500,500.0,206,0.2414524,True,False,15552,0,0,0.0,1
dimerization_n1e8,dimerization,cost_model,1008.7822031060477,206,0.2932307,True,False,15552,0,0,0.0,1
lotka_volterra_n100000,lotka_volterra,wallclock_timing,,206,0.0090068,True,False,867,33,4,0.08198813258294635,1
lotka_volterra_n100000,lotka_volterra,constant_670,670.0,206,0.003893,True,False,1,413,1,0.9995452706327296,1
lotka_volterra_n100000,lotka_volterra,constant_500,500.0,206,0.0052363,True,False,1,413,1,0.9995452706327296,1
lotka_volterra_n100000,lotka_volterra,cost_model,716.7923960387063,206,0.0071039,True,False,1,413,1,0.9995452706327296,1
lotka_volterra_n1000000,lotka_volterra,wallclock_timing,,206,0.0457643,True,False,2414,240,8,0.19060007881887997,1
lotka_volterra_n1000000,lotka_volterra,constant_670,670.0,206,0.0479765,True,False,1,1303,1,0.9998602689444208,1
lotka_volterra_n1000000,lotka_volterra,constant_500,500.0,206,0.054296,True,False,1,1303,1,0.9998602689444208,1
lotka_volterra_n1000000,lotka_volterra,cost_model,767.0622102295016,206,0.0417404,True,False,1,1303,1,0.9998602689444208,1
lotka_volterra_n10000000,lotka_volterra,wallclock_timing,,206,0.149837,True,False,9322,4,4,0.0009624302106887445,1
lotka_volterra_n10000000,lotka_volterra,constant_670,670.0,206,0.1770813,True,False,9344,0,0,0.0,1
lotka_volterra_n10000000,lotka_volterra,constant_500,500.0,206,0.1579176,True,False,9344,0,0,0.0,1
lotka_volterra_n10000000,lotka_volterra,cost_model,874.6990353728594,206,0.1700032,True,False,9344,0,0,0.0,1
brusselator_n2e4,brusselator,wallclock_timing,,206,0.1698003,True,False,256,5485,1,0.9997715623929242,1
brusselator_n2e4,brusselator,constant_670,670.0,206,0.1586114,True,False,1,5469,1,0.9999996343722548,1
brusselator_n2e4,brusselator,constant_500,500.0,206,0.1674543,True,False,1,5469,1,0.9999996343722548,1
brusselator_n2e4,brusselator,cost_model,925.428283866978,206,0.1718934,True,False,1,5469,1,0.9999996343722548,1
oregonator_n1e5,oregonator,wallclock_timing,,201,0.3585035,True,False,14,20864,7,0.9999732437105524,2
oregonator_n1e5,oregonator,constant_670,670.0,201,0.3609245,True,False,1,20949,1,0.9999978981606761,2
oregonator_n1e5,oregonator,constant_500,500.0,201,0.340756,True,False,1,20949,1,0.9999978981606761,2
oregonator_n1e5,oregonator,cost_model,508.38357055706695,201,0.3241755,True,False,1,20949,1,0.9999978981606761,2
rossler_n1e5,rossler,wallclock_timing,,201,3.2942274,True,False,152827,1824,66,0.07150515801625927,2
rossler_n1e5,rossler,constant_670,670.0,201,4.1232456,True,False,52397,26881,5,0.7566039562776141,2
rossler_n1e5,rossler,constant_500,500.0,201,3.4086493,True,False,87540,16738,5,0.5644766070946142,2
rossler_n1e5,rossler,cost_model,460.9509027986007,201,3.8153339,True,False,95251,14532,6,0.5125098205490041,2
shrinking_n2e6,shrinking,wallclock_timing,,201,0.0580553,True,False,5811,2,2,0.00014751850027158492,2
shrinking_n2e6,shrinking,constant_670,670.0,201,0.0800368,True,False,124,2766,1,0.9960339061086524,2
shrinking_n2e6,shrinking,constant_500,500.0,201,0.0527131,True,False,1567,2061,1,0.9376404235648815,2
shrinking_n2e6,shrinking,cost_model,590.5965783523311,201,0.0637745,True,False,789,2436,1,0.9709074804802833,2
shrinking_no_b_decay_n2e6,shrinking,wallclock_timing,,201,0.1016759,True,False,8501,61,7,0.6070240221703596,2
shrinking_no_b_decay_n2e6,shrinking,constant_670,670.0,201,0.0287387,True,False,1,1037,1,0.9999741092285661,2
shrinking_no_b_decay_n2e6,shrinking,constant_500,500.0,201,0.0326218,True,False,1,1037,1,0.9999741092285661,2
shrinking_no_b_decay_n2e6,shrinking,cost_model,631.1665270258126,201,0.0395883,True,False,1,1037,1,0.9999741092285661,2
shrinking_split_b_decay_n2e6,shrinking,wallclock_timing,,201,0.050368,True,False,3424,1188,3,0.8286603384994948,2
shrinking_split_b_decay_n2e6,shrinking,constant_670,670.0,201,0.078521,True,False,109,2765,1,0.99603766185968,2
shrinking_split_b_decay_n2e6,shrinking,constant_500,500.0,201,0.0519074,True,False,1580,2061,1,0.9376240282456324,2
shrinking_split_b_decay_n2e6,shrinking,cost_model,539.3869913044034,201,0.0591807,True,False,1246,2223,1,0.9528406526263561,2
dimerization_n1e8,dimerization,wallclock_timing,,201,0.2914427,True,False,15536,4,4,0.001742606742932737,2
dimerization_n1e8,dimerization,constant_670,670.0,201,0.3295128,True,False,15560,0,0,0.0,2
dimerization_n1e8,dimerization,constant_500,500.0,201,0.2968108,True,False,15560,0,0,0.0,2
dimerization_n1e8,dimerization,cost_model,1008.7822031060477,201,0.3021656,True,False,15560,0,0,0.0,2
lotka_volterra_n100000,lotka_volterra,wallclock_timing,,201,0.0127992,True,False,751,85,2,0.21087258602496767,2
lotka_volterra_n100000,lotka_volterra,constant_670,670.0,201,0.0056209,True,False,1,413,1,0.9990794864076311,2
lotka_volterra_n100000,lotka_volterra,constant_500,500.0,201,0.00466,True,False,1,413,1,0.9990794864076311,2
lotka_volterra_n100000,lotka_volterra,cost_model,716.7923960387063,201,0.0074796,True,False,1,413,1,0.9990794864076311,2
lotka_volterra_n1000000,lotka_volterra,wallclock_timing,,201,0.0501319,True,False,2604,141,4,0.10921451550247224,2
lotka_volterra_n1000000,lotka_volterra,constant_670,670.0,201,0.0499344,True,False,1,1304,1,0.9997213420133845,2
lotka_volterra_n1000000,lotka_volterra,constant_500,500.0,201,0.0515388,True,False,1,1304,1,0.9997213420133845,2
lotka_volterra_n1000000,lotka_volterra,cost_model,767.0622102295016,201,0.0476772,True,False,1,1304,1,0.9997213420133845,2
lotka_volterra_n10000000,lotka_volterra,wallclock_timing,,201,0.1540284,True,False,9270,4,4,0.0009619844564825314,2
lotka_volterra_n10000000,lotka_volterra,constant_670,670.0,201,0.1454958,True,False,9272,0,0,0.0,2
lotka_volterra_n10000000,lotka_volterra,constant_500,500.0,201,0.1585633,True,False,9272,0,0,0.0,2
lotka_volterra_n10000000,lotka_volterra,cost_model,874.6990353728594,201,0.1851302,True,False,9272,0,0,0.0,2
brusselator_n2e4,brusselator,wallclock_timing,,201,0.1645174,True,False,256,5470,1,0.9997627870625647,2
brusselator_n2e4,brusselator,constant_670,670.0,201,0.1538018,True,False,1,5453,1,0.9999992612347661,2
brusselator_n2e4,brusselator,constant_500,500.0,201,0.180517,True,False,1,5453,1,0.9999992612347661,2
brusselator_n2e4,brusselator,cost_model,925.428283866978,201,0.1575869,True,False,1,5453,1,0.9999992612347661,2
oregonator_n1e5,oregonator,wallclock_timing,,202,0.3611876,True,False,158,19173,15,0.9996958749469121,2
oregonator_n1e5,oregonator,constant_670,670.0,202,0.372622,True,False,1,20859,1,0.9999937498028175,2
oregonator_n1e5,oregonator,constant_500,500.0,202,0.4041699,True,False,1,20859,1,0.9999937498028175,2
oregonator_n1e5,oregonator,cost_model,508.38357055706695,202,0.3646194,True,False,1,20859,1,0.9999937498028175,2
rossler_n1e5,rossler,wallclock_timing,,202,3.3424038,True,False,158817,410,68,0.0359399485937313,2
rossler_n1e5,rossler,constant_670,670.0,202,4.5182956,True,False,52512,26859,5,0.7558427513877908,2
rossler_n1e5,rossler,constant_500,500.0,202,3.9239915,True,False,87831,16706,5,0.563132083331491,2
rossler_n1e5,rossler,cost_model,460.9509027986007,202,3.7557185,True,False,94806,14556,6,0.513057913109309,2
shrinking_n2e6,shrinking,wallclock_timing,,202,0.0654556,True,False,5815,2,2,0.00014800810016387766,2
shrinking_n2e6,shrinking,constant_670,670.0,202,0.0727524,True,False,111,2763,1,0.996035059669222,2
shrinking_n2e6,shrinking,constant_500,500.0,202,0.062642,True,False,1571,2061,1,0.937619875561539,2
shrinking_n2e6,shrinking,cost_model,590.5965783523311,202,0.075506,True,False,775,2438,1,0.9708844544969373,2
shrinking_no_b_decay_n2e6,shrinking,wallclock_timing,,202,0.0382315,True,False,1752,606,5,0.9338455567277618,2
shrinking_no_b_decay_n2e6,shrinking,constant_670,670.0,202,0.0329518,True,False,1,1037,1,0.9999099244721722,2
shrinking_no_b_decay_n2e6,shrinking,constant_500,500.0,202,0.041014,True,False,1,1037,1,0.9999099244721722,2
shrinking_no_b_decay_n2e6,shrinking,cost_model,631.1665270258126,202,0.0392597,True,False,1,1037,1,0.9999099244721722,2
shrinking_split_b_decay_n2e6,shrinking,wallclock_timing,,202,0.0840595,True,False,5828,2,2,0.00014770176881116087,2
shrinking_split_b_decay_n2e6,shrinking,constant_670,670.0,202,0.0891881,True,False,112,2761,1,0.9960039835624497,2
shrinking_split_b_decay_n2e6,shrinking,constant_500,500.0,202,0.0718256,True,False,1566,2058,1,0.9377536559512847,2
shrinking_split_b_decay_n2e6,shrinking,cost_model,539.3869913044034,202,0.0796828,True,False,1243,2224,1,0.9528603981081563,2
dimerization_n1e8,dimerization,wallclock_timing,,202,0.2968313,True,False,15596,4,4,0.001743187032274312,2
dimerization_n1e8,dimerization,constant_670,670.0,202,0.2991017,True,False,15620,0,0,0.0,2
dimerization_n1e8,dimerization,constant_500,500.0,202,0.30444,True,False,15620,0,0,0.0,2
dimerization_n1e8,dimerization,cost_model,1008.7822031060477,202,0.3096263,True,False,15620,0,0,0.0,2
lotka_volterra_n100000,lotka_volterra,wallclock_timing,,202,0.0083815,True,False,378,237,13,0.5603492266196076,2
lotka_volterra_n100000,lotka_volterra,constant_670,670.0,202,0.0055637,True,False,1,413,1,0.9971340809886509,2
lotka_volterra_n100000,lotka_volterra,constant_500,500.0,202,0.0068957,True,False,1,413,1,0.9971340809886509,2
lotka_volterra_n100000,lotka_volterra,cost_model,716.7923960387063,202,0.0053408,True,False,1,413,1,0.9971340809886509,2
lotka_volterra_n1000000,lotka_volterra,wallclock_timing,,202,0.0515514,True,False,2962,2,2,0.0015978262240558677,2
lotka_volterra_n1000000,lotka_volterra,constant_670,670.0,202,0.0531295,True,False,1,1303,1,0.9990586800693992,2
lotka_volterra_n1000000,lotka_volterra,constant_500,500.0,202,0.0442748,True,False,1,1303,1,0.9990586800693992,2
lotka_volterra_n1000000,lotka_volterra,cost_model,767.0622102295016,202,0.0556944,True,False,1,1303,1,0.9990586800693992,2
lotka_volterra_n10000000,lotka_volterra,wallclock_timing,,202,0.2494628,True,False,9362,6,6,0.0014666869453825067,2
lotka_volterra_n10000000,lotka_volterra,constant_670,670.0,202,0.1987991,True,False,9374,0,0,0.0,2
lotka_volterra_n10000000,lotka_volterra,constant_500,500.0,202,0.173113,True,False,9374,0,0,0.0,2
lotka_volterra_n10000000,lotka_volterra,cost_model,874.6990353728594,202,0.1936328,True,False,9374,0,0,0.0,2
brusselator_n2e4,brusselator,wallclock_timing,,202,0.1601518,True,False,256,5479,1,0.9997774655996565,2
brusselator_n2e4,brusselator,constant_670,670.0,202,0.181186,True,False,1,5467,1,0.9999978305577297,2
brusselator_n2e4,brusselator,constant_500,500.0,202,0.1825999,True,False,1,5467,1,0.9999978305577297,2
brusselator_n2e4,brusselator,cost_model,925.428283866978,202,0.1421957,True,False,1,5467,1,0.9999978305577297,2
oregonator_n1e5,oregonator,wallclock_timing,,203,0.2924891,True,False,1130,15663,11,0.9977832790279803,2
oregonator_n1e5,oregonator,constant_670,670.0,203,0.2694786,True,False,1,16243,1,0.9999977608429462,2
oregonator_n1e5,oregonator,constant_500,500.0,203,0.3122578,True,False,1,16243,1,0.9999977608429462,2
oregonator_n1e5,oregonator,cost_model,508.38357055706695,203,0.2933688,True,False,1,16243,1,0.9999977608429462,2
rossler_n1e5,rossler,wallclock_timing,,203,3.7315961,True,False,154489,1616,74,0.07268103184448708,2
rossler_n1e5,rossler,constant_670,670.0,203,4.7847075,True,False,52340,26948,5,0.7568674763880193,2
rossler_n1e5,rossler,constant_500,500.0,203,4.2798374,True,False,87934,16718,5,0.5640229786080273,2
rossler_n1e5,rossler,cost_model,460.9509027986007,203,3.6518285,True,False,94964,14553,5,0.5128411602808983,2
shrinking_n2e6,shrinking,wallclock_timing,,203,0.0599118,True,False,5795,2,2,0.0001477159358357163,2
shrinking_n2e6,shrinking,constant_670,670.0,203,0.0679899,True,False,112,2762,1,0.9960154540660029,2
shrinking_n2e6,shrinking,constant_500,500.0,203,0.0538559,True,False,1568,2056,1,0.9376944895859218,2
shrinking_n2e6,shrinking,cost_model,590.5965783523311,203,0.0744671,True,False,770,2436,1,0.9708880690055588,2
shrinking_no_b_decay_n2e6,shrinking,wallclock_timing,,203,0.036522,True,False,721,833,3,0.9735828590360791,2
shrinking_no_b_decay_n2e6,shrinking,constant_670,670.0,203,0.039809,True,False,1,1039,1,0.9999722317358922,2
shrinking_no_b_decay_n2e6,shrinking,constant_500,500.0,203,0.0358292,True,False,1,1039,1,0.9999722317358922,2
shrinking_no_b_decay_n2e6,shrinking,cost_model,631.1665270258126,203,0.0399326,True,False,1,1039,1,0.9999722317358922,2
shrinking_split_b_decay_n2e6,shrinking,wallclock_timing,,203,0.0710503,True,False,5742,4,4,0.00032151129741028804,2
shrinking_split_b_decay_n2e6,shrinking,constant_670,670.0,203,0.0839013,True,False,113,2765,1,0.9959807808381003,2
shrinking_split_b_decay_n2e6,shrinking,constant_500,500.0,203,0.0602049,True,False,1553,2062,1,0.9377192032500384,2
shrinking_split_b_decay_n2e6,shrinking,cost_model,539.3869913044034,203,0.0675345,True,False,1220,2223,1,0.9528405387194713,2
dimerization_n1e8,dimerization,wallclock_timing,,203,0.3143522,True,False,15674,4,4,0.0017422678850959258,2
dimerization_n1e8,dimerization,constant_670,670.0,203,0.3057445,True,False,15707,0,0,0.0,2
dimerization_n1e8,dimerization,constant_500,500.0,203,0.2744313,True,False,15707,0,0,0.0,2
dimerization_n1e8,dimerization,cost_model,1008.7822031060477,203,0.2942139,True,False,15707,0,0,0.0,2
lotka_volterra_n100000,lotka_volterra,wallclock_timing,,203,0.0134263,True,False,632,135,8,0.33225613216482697,2
lotka_volterra_n100000,lotka_volterra,constant_670,670.0,203,0.005953,True,False,1,413,1,0.999015716809535,2
lotka_volterra_n100000,lotka_volterra,constant_500,500.0,203,0.0058589,True,False,1,413,1,0.999015716809535,2
lotka_volterra_n100000,lotka_volterra,cost_model,716.7923960387063,203,0.0051694,True,False,1,413,1,0.999015716809535,2
lotka_volterra_n1000000,lotka_volterra,wallclock_timing,,203,0.046943,True,False,2936,6,4,0.004595822074359379,2
lotka_volterra_n1000000,lotka_volterra,constant_670,670.0,203,0.047139,True,False,1,1304,1,0.9997010819549762,2
lotka_volterra_n1000000,lotka_volterra,constant_500,500.0,203,0.0472285,True,False,1,1304,1,0.9997010819549762,2
lotka_volterra_n1000000,lotka_volterra,cost_model,767.0622102295016,203,0.0488719,True,False,1,1304,1,0.9997010819549762,2
lotka_volterra_n10000000,lotka_volterra,wallclock_timing,,203,0.1713586,True,False,9366,6,6,0.0014683745404561743,2
lotka_volterra_n10000000,lotka_volterra,constant_670,670.0,203,0.1768739,True,False,9394,0,0,0.0,2
lotka_volterra_n10000000,lotka_volterra,constant_500,500.0,203,0.1845666,True,False,9394,0,0,0.0,2
lotka_volterra_n10000000,lotka_volterra,cost_model,874.6990353728594,203,0.2159377,True,False,9394,0,0,0.0,2
brusselator_n2e4,brusselator,wallclock_timing,,203,0.2068234,True,False,256,5461,1,0.999770872294258,2
brusselator_n2e4,brusselator,constant_670,670.0,203,0.1536176,True,False,1,5472,1,0.9999992165033698,2
brusselator_n2e4,brusselator,constant_500,500.0,203,0.1537664,True,False,1,5472,1,0.9999992165033698,2
brusselator_n2e4,brusselator,cost_model,925.428283866978,203,0.1364931,True,False,1,5472,1,0.9999992165033698,2
oregonator_n1e5,oregonator,wallclock_timing,,204,0.3176439,True,False,469,19579,9,0.9990672258131099,2
oregonator_n1e5,oregonator,constant_670,670.0,204,0.2497212,True,False,1,14491,1,0.999996074074372,2
oregonator_n1e5,oregonator,constant_500,500.0,204,0.2887064,True,False,1,14491,1,0.999996074074372,2
oregonator_n1e5,oregonator,cost_model,508.38357055706695,204,0.2711648,True,False,1,14491,1,0.999996074074372,2
rossler_n1e5,rossler,wallclock_timing,,204,3.4312381,True,False,152960,1664,68,0.09313082569413819,2
rossler_n1e5,rossler,constant_670,670.0,204,4.2522208,True,False,52516,26825,5,0.7555443598792472,2
rossler_n1e5,rossler,constant_500,500.0,204,3.8557867,True,False,87971,16679,5,0.5633018972992108,2
rossler_n1e5,rossler,cost_model,460.9509027986007,204,3.8833277,True,False,94462,14578,5,0.513808845656051,2
shrinking_n2e6,shrinking,wallclock_timing,,204,0.0725436,True,False,5199,308,4,0.030557624974497523,2
shrinking_n2e6,shrinking,constant_670,670.0,204,0.065381,True,False,115,2762,1,0.9959898307827866,2
shrinking_n2e6,shrinking,constant_500,500.0,204,0.0698066,True,False,1552,2061,1,0.9375646416343817,2
shrinking_n2e6,shrinking,cost_model,590.5965783523311,204,0.0609605,True,False,789,2434,1,0.9708657423631665,2
shrinking_no_b_decay_n2e6,shrinking,wallclock_timing,,204,0.0433187,True,False,2309,488,3,0.9116926365084889,2
shrinking_no_b_decay_n2e6,shrinking,constant_670,670.0,204,0.0373095,True,False,1,1038,1,0.9999496184184642,2
shrinking_no_b_decay_n2e6,shrinking,constant_500,500.0,204,0.0464109,True,False,1,1038,1,0.9999496184184642,2
shrinking_no_b_decay_n2e6,shrinking,cost_model,631.1665270258126,204,0.0339812,True,False,1,1038,1,0.9999496184184642,2
shrinking_split_b_decay_n2e6,shrinking,wallclock_timing,,204,0.0691135,True,False,5782,2,2,0.0001477455696887581,2
shrinking_split_b_decay_n2e6,shrinking,constant_670,670.0,204,0.0780728,True,False,114,2764,1,0.9960178360817821,2
shrinking_split_b_decay_n2e6,shrinking,constant_500,500.0,204,0.0685581,True,False,1567,2061,1,0.937625510021983,2
shrinking_split_b_decay_n2e6,shrinking,cost_model,539.3869913044034,204,0.066875,True,False,1239,2222,1,0.952797641494074,2
dimerization_n1e8,dimerization,wallclock_timing,,204,0.2810394,True,False,15637,4,4,0.001743183904802794,2
dimerization_n1e8,dimerization,constant_670,670.0,204,0.2905011,True,False,15657,0,0,0.0,2
dimerization_n1e8,dimerization,constant_500,500.0,204,0.2920536,True,False,15657,0,0,0.0,2
dimerization_n1e8,dimerization,cost_model,1008.7822031060477,204,0.3095423,True,False,15657,0,0,0.0,2
lotka_volterra_n100000,lotka_volterra,wallclock_timing,,204,0.007417,True,False,261,290,3,0.6900082112753168,2
lotka_volterra_n100000,lotka_volterra,constant_670,670.0,204,0.0038029,True,False,1,412,1,0.9982660209431583,2
lotka_volterra_n100000,lotka_volterra,constant_500,500.0,204,0.0048503,True,False,1,412,1,0.9982660209431583,2
lotka_volterra_n100000,lotka_volterra,cost_model,716.7923960387063,204,0.0052341,True,False,1,412,1,0.9982660209431583,2
lotka_volterra_n1000000,lotka_volterra,wallclock_timing,,204,0.055061,True,False,2507,186,10,0.14282721379397734,2
lotka_volterra_n1000000,lotka_volterra,constant_670,670.0,204,0.0454911,True,False,1,1304,1,0.9994617731155586,2
lotka_volterra_n1000000,lotka_volterra,constant_500,500.0,204,0.0433651,True,False,1,1304,1,0.9994617731155586,2
lotka_volterra_n1000000,lotka_volterra,cost_model,767.0622102295016,204,0.0490739,True,False,1,1304,1,0.9994617731155586,2
lotka_volterra_n10000000,lotka_volterra,wallclock_timing,,204,0.1747276,True,False,9382,4,4,0.0009626253320705463,2
lotka_volterra_n10000000,lotka_volterra,constant_670,670.0,204,0.175585,True,False,9383,0,0,0.0,2
lotka_volterra_n10000000,lotka_volterra,constant_500,500.0,204,0.1541046,True,False,9383,0,0,0.0,2
lotka_volterra_n10000000,lotka_volterra,cost_model,874.6990353728594,204,0.1584213,True,False,9383,0,0,0.0,2
brusselator_n2e4,brusselator,wallclock_timing,,204,0.1499021,True,False,256,5467,1,0.999767204000676,2
brusselator_n2e4,brusselator,constant_670,670.0,204,0.1546425,True,False,1,5452,1,0.9999986328457773,2
brusselator_n2e4,brusselator,constant_500,500.0,204,0.1531242,True,False,1,5452,1,0.9999986328457773,2
brusselator_n2e4,brusselator,cost_model,925.428283866978,204,0.1387609,True,False,1,5452,1,0.9999986328457773,2
oregonator_n1e5,oregonator,wallclock_timing,,205,0.2161222,True,False,174,12677,5,0.9996864120041414,2
oregonator_n1e5,oregonator,constant_670,670.0,205,0.2111795,True,False,1,12784,1,0.9999987583422577,2
oregonator_n1e5,oregonator,constant_500,500.0,205,0.2000726,True,False,1,12784,1,0.9999987583422577,2
oregonator_n1e5,oregonator,cost_model,508.38357055706695,205,0.2161554,True,False,1,12784,1,0.9999987583422577,2
rossler_n1e5,rossler,wallclock_timing,,205,3.5223696,True,False,157698,609,66,0.04970103322025742,2
rossler_n1e5,rossler,constant_670,670.0,205,4.5424855,True,False,52394,26857,5,0.7559405469574761,2
rossler_n1e5,rossler,constant_500,500.0,205,4.1520481,True,False,87767,16689,5,0.5630119683739166,2
rossler_n1e5,rossler,cost_model,460.9509027986007,205,3.7382539,True,False,94920,14539,6,0.5121074190365714,2
shrinking_n2e6,shrinking,wallclock_timing,,205,0.0576118,True,False,5777,2,2,0.00014787778493438163,2
shrinking_n2e6,shrinking,constant_670,670.0,205,0.0707557,True,False,112,2762,1,0.9960044309431374,2
shrinking_n2e6,shrinking,constant_500,500.0,205,0.056071,True,False,1526,2058,1,0.9377056699887371,2
shrinking_n2e6,shrinking,cost_model,590.5965783523311,205,0.0739738,True,False,774,2437,1,0.9708897315829932,2
shrinking_no_b_decay_n2e6,shrinking,wallclock_timing,,205,0.0421562,True,False,847,807,3,0.9698428639960844,2
shrinking_no_b_decay_n2e6,shrinking,constant_670,670.0,205,0.0428052,True,False,1,1037,1,0.9999831200119087,2
shrinking_no_b_decay_n2e6,shrinking,constant_500,500.0,205,0.0339259,True,False,1,1037,1,0.9999831200119087,2
shrinking_no_b_decay_n2e6,shrinking,cost_model,631.1665270258126,205,0.0330687,True,False,1,1037,1,0.9999831200119087,2
shrinking_split_b_decay_n2e6,shrinking,wallclock_timing,,205,0.0752232,True,False,5664,83,4,0.0063027674484643515,2
shrinking_split_b_decay_n2e6,shrinking,constant_670,670.0,205,0.0715226,True,False,126,2766,1,0.9960350081982314,2
shrinking_split_b_decay_n2e6,shrinking,constant_500,500.0,205,0.0569591,True,False,1589,2057,1,0.9376019835787591,2
shrinking_split_b_decay_n2e6,shrinking,cost_model,539.3869913044034,205,0.0713032,True,False,1254,2216,1,0.9527646088081828,2
dimerization_n1e8,dimerization,wallclock_timing,,205,0.2793016,True,False,15535,4,4,0.00174261383639902,2
dimerization_n1e8,dimerization,constant_670,670.0,205,0.2994551,True,False,15571,0,0,0.0,2
dimerization_n1e8,dimerization,constant_500,500.0,205,0.2855306,True,False,15571,0,0,0.0,2
dimerization_n1e8,dimerization,cost_model,1008.7822031060477,205,0.2656692,True,False,15571,0,0,0.0,2
lotka_volterra_n100000,lotka_volterra,wallclock_timing,,205,0.0088003,True,False,528,184,8,0.44726523709464644,2
lotka_volterra_n100000,lotka_volterra,constant_670,670.0,205,0.0046064,True,False,1,413,1,0.9994417007747292,2
lotka_volterra_n100000,lotka_volterra,constant_500,500.0,205,0.0048229,True,False,1,413,1,0.9994417007747292,2
lotka_volterra_n100000,lotka_volterra,cost_model,716.7923960387063,205,0.0037439,True,False,1,413,1,0.9994417007747292,2
lotka_volterra_n1000000,lotka_volterra,wallclock_timing,,205,0.0541673,True,False,2124,352,9,0.26462308311347194,2
lotka_volterra_n1000000,lotka_volterra,constant_670,670.0,205,0.0468092,True,False,1,1304,1,0.9998214363845963,2
lotka_volterra_n1000000,lotka_volterra,constant_500,500.0,205,0.0361625,True,False,1,1304,1,0.9998214363845963,2
lotka_volterra_n1000000,lotka_volterra,cost_model,767.0622102295016,205,0.0533347,True,False,1,1304,1,0.9998214363845963,2
lotka_volterra_n10000000,lotka_volterra,wallclock_timing,,205,0.163786,True,False,9241,6,6,0.001423995291310716,2
lotka_volterra_n10000000,lotka_volterra,constant_670,670.0,205,0.167891,True,False,9268,0,0,0.0,2
lotka_volterra_n10000000,lotka_volterra,constant_500,500.0,205,0.1572998,True,False,9268,0,0,0.0,2
lotka_volterra_n10000000,lotka_volterra,cost_model,874.6990353728594,205,0.1704079,True,False,9268,0,0,0.0,2
brusselator_n2e4,brusselator,wallclock_timing,,205,0.1773406,True,False,256,5460,1,0.9997679441070948,2
brusselator_n2e4,brusselator,constant_670,670.0,205,0.1359817,True,False,1,5494,1,0.9999995688274069,2
brusselator_n2e4,brusselator,constant_500,500.0,205,0.1578744,True,False,1,5494,1,0.9999995688274069,2
brusselator_n2e4,brusselator,cost_model,925.428283866978,205,0.1544767,True,False,1,5494,1,0.9999995688274069,2
oregonator_n1e5,oregonator,wallclock_timing,,206,0.1973077,True,False,5,11486,5,0.9999905612610993,2
oregonator_n1e5,oregonator,constant_670,670.0,206,0.2063756,True,False,1,12544,1,0.9999989584326168,2
oregonator_n1e5,oregonator,constant_500,500.0,206,0.1855277,True,False,1,12544,1,0.9999989584326168,2
oregonator_n1e5,oregonator,cost_model,508.38357055706695,206,0.2102717,True,False,1,12544,1,0.9999989584326168,2
rossler_n1e5,rossler,wallclock_timing,,206,3.4737842,True,False,148618,2966,71,0.11742506454681331,2
rossler_n1e5,rossler,constant_670,670.0,206,4.57399,True,False,52251,26904,5,0.7566970850317233,2
rossler_n1e5,rossler,constant_500,500.0,206,4.1771873,True,False,88195,16711,5,0.5634586055593243,2
rossler_n1e5,rossler,cost_model,460.9509027986007,206,3.9274853,True,False,95139,14531,5,0.5122857996129322,2
shrinking_n2e6,shrinking,wallclock_timing,,206,0.0775904,True,False,5842,2,2,0.00014744902239201664,2
shrinking_n2e6,shrinking,constant_670,670.0,206,0.0729085,True,False,117,2767,1,0.9960537458852601,2
shrinking_n2e6,shrinking,constant_500,500.0,206,0.0638573,True,False,1588,2059,1,0.9376113192322111,2
shrinking_n2e6,shrinking,cost_model,590.5965783523311,206,0.0680095,True,False,798,2432,1,0.9708633875836248,2
shrinking_no_b_decay_n2e6,shrinking,wallclock_timing,,206,0.0463441,True,False,2411,476,3,0.9091256634559894,2
shrinking_no_b_decay_n2e6,shrinking,constant_670,670.0,206,0.0347976,True,False,1,1037,1,0.9999869731340407,2
shrinking_no_b_decay_n2e6,shrinking,constant_500,500.0,206,0.0405574,True,False,1,1037,1,0.9999869731340407,2
shrinking_no_b_decay_n2e6,shrinking,cost_model,631.1665270258126,206,0.0468899,True,False,1,1037,1,0.9999869731340407,2
shrinking_split_b_decay_n2e6,shrinking,wallclock_timing,,206,0.0730273,True,False,5768,2,2,0.00014789372220121448,2
shrinking_split_b_decay_n2e6,shrinking,constant_670,670.0,206,0.0939102,True,False,116,2766,1,0.996006378994552,2
shrinking_split_b_decay_n2e6,shrinking,constant_500,500.0,206,0.0641577,True,False,1545,2060,1,0.9376531989756828,2
shrinking_split_b_decay_n2e6,shrinking,cost_model,539.3869913044034,206,0.0742148,True,False,1198,2222,1,0.9527534802268623,2
dimerization_n1e8,dimerization,wallclock_timing,,206,0.3442146,True,False,15521,4,4,0.0017428208468527693,2
dimerization_n1e8,dimerization,constant_670,670.0,206,0.3099121,True,False,15552,0,0,0.0,2
dimerization_n1e8,dimerization,constant_500,500.0,206,0.3175474,True,False,15552,0,0,0.0,2
dimerization_n1e8,dimerization,cost_model,1008.7822031060477,206,0.3168311,True,False,15552,0,0,0.0,2
lotka_volterra_n100000,lotka_volterra,wallclock_timing,,206,0.0122522,True,False,372,251,5,0.5944972622082103,2
lotka_volterra_n100000,lotka_volterra,constant_670,670.0,206,0.0065106,True,False,1,413,1,0.9995452706327296,2
lotka_volterra_n100000,lotka_volterra,constant_500,500.0,206,0.006751,True,False,1,413,1,0.9995452706327296,2
lotka_volterra_n100000,lotka_volterra,cost_model,716.7923960387063,206,0.0046349,True,False,1,413,1,0.9995452706327296,2
lotka_volterra_n1000000,lotka_volterra,wallclock_timing,,206,0.0538642,True,False,2680,118,4,0.09340620588407261,2
lotka_volterra_n1000000,lotka_volterra,constant_670,670.0,206,0.0488843,True,False,1,1303,1,0.9998602689444208,2
lotka_volterra_n1000000,lotka_volterra,constant_500,500.0,206,0.0464672,True,False,1,1303,1,0.9998602689444208,2
lotka_volterra_n1000000,lotka_volterra,cost_model,767.0622102295016,206,0.0480901,True,False,1,1303,1,0.9998602689444208,2
lotka_volterra_n10000000,lotka_volterra,wallclock_timing,,206,0.196632,True,False,9188,63,6,0.015169643224182891,2
lotka_volterra_n10000000,lotka_volterra,constant_670,670.0,206,0.1831804,True,False,9344,0,0,0.0,2
lotka_volterra_n10000000,lotka_volterra,constant_500,500.0,206,0.2009779,True,False,9344,0,0,0.0,2
lotka_volterra_n10000000,lotka_volterra,cost_model,874.6990353728594,206,0.1691192,True,False,9344,0,0,0.0,2
brusselator_n2e4,brusselator,wallclock_timing,,206,0.173689,True,False,256,5485,1,0.9997715623929242,2
brusselator_n2e4,brusselator,constant_670,670.0,206,0.1486541,True,False,1,5469,1,0.9999996343722548,2
brusselator_n2e4,brusselator,constant_500,500.0,206,0.1584404,True,False,1,5469,1,0.9999996343722548,2
brusselator_n2e4,brusselator,cost_model,925.428283866978,206,0.1760462,True,False,1,5469,1,0.9999996343722548,2
