scenario,family,policy,seed,initial_n,elapsed_seconds,switch_overhead_seconds,mode_switches,batch_calls,gillespie_calls,overhead_fraction,us_per_switch,repeat
rossler_r05,rossler,wallclock_timing,601,803571,5.00003,0.0011112999999999997,104,380157,106,0.00022225866644800128,10.685576923076919,0
rossler_r05,rossler,constant_250,601,803571,5.0000269,1.15e-05,2,360436,146,2.299987626066572e-06,5.75,0
rossler_r1,rossler,wallclock_timing,601,3214284,5.0000187,0.0009491,90,351510,90,0.00018981929007585513,10.545555555555556,0
rossler_r1,rossler,constant_250,601,3214284,5.0000198,0.0,0,362105,0,0.0,nan,0
rossler_r2,rossler,wallclock_timing,601,12857138,5.0000277,0.0007998000000000003,74,298527,74,0.00015995911382650943,10.808108108108112,0
rossler_r2,rossler,constant_250,601,12857138,5.0000266,0.0,0,294068,0,0.0,nan,0
dimerization_r05,dimerization,wallclock_timing,601,7758321,0.1543608,1.08e-05,3,2669,2044,6.996594990437987e-05,3.5999999999999996,0
dimerization_r05,dimerization,constant_250,601,7758321,0.1678799,0.0,0,15826,0,0.0,nan,0
dimerization_r1,dimerization,wallclock_timing,601,31033286,0.3341749,4.39e-05,8,31868,8,0.0001313683343662256,5.487500000000001,0
dimerization_r1,dimerization,constant_250,601,31033286,0.3011766,0.0,0,31891,0,0.0,nan,0
dimerization_r2,dimerization,wallclock_timing,601,124133146,0.6928616,8.529999999999999e-05,16,63624,16,0.0001231126100797042,5.331249999999999,0
dimerization_r2,dimerization,constant_250,601,124133146,0.7233766,0.0,0,63701,0,0.0,nan,0
lotka_volterra_r05,lotka_volterra,wallclock_timing,601,664991,0.8296515,0.0002797,37,72999,4953,0.0003371295055815605,7.55945945945946,0
lotka_volterra_r05,lotka_volterra,constant_250,601,664991,0.9658463,0.0,0,85635,0,0.0,nan,0
lotka_volterra_r1,lotka_volterra,wallclock_timing,601,2659967,1.9770693,0.0004353,62,167663,1246,0.00022017437628514086,7.020967741935484,0
lotka_volterra_r1,lotka_volterra,constant_250,601,2659967,1.873817,0.0,0,170942,0,0.0,nan,0
lotka_volterra_r2,lotka_volterra,wallclock_timing,601,10639870,4.1724507,0.0006887,90,342070,92,0.00016505887055777557,7.652222222222222,0
lotka_volterra_r2,lotka_volterra,constant_250,601,10639870,4.0772074,0.0,0,342309,0,0.0,nan,0
shrinking_r05,shrinking,wallclock_timing,601,340706,0.0087515,2.1400000000000002e-05,5,731,821,0.0024452950922698967,4.28,0
shrinking_r05,shrinking,constant_250,601,340706,0.0093495,1.7e-06,1,284,1037,0.0001818279052355741,1.7,0
shrinking_r1,shrinking,wallclock_timing,601,1362824,0.0265393,6.9e-06,3,909,1885,0.00025999178576676854,2.3,0
shrinking_r1,shrinking,constant_250,601,1362824,0.0239223,2.2e-06,1,2660,1025,9.196440141625179e-05,2.2,0
shrinking_r2,shrinking,wallclock_timing,601,5451297,0.0655411,1.0999999999999998e-05,4,9589,4,0.0001678336189047788,2.7499999999999996,0
shrinking_r2,shrinking,constant_250,601,5451297,0.0591436,2.7e-06,1,7554,1007,4.565160051129793e-05,2.7,0
shrinking_no_b_decay_r05,shrinking,wallclock_timing,601,1331995,0.0135767,6.9e-06,3,983,586,0.000508223647867302,2.3,0
shrinking_no_b_decay_r05,shrinking,constant_250,601,1331995,0.015229,2.3e-06,1,896,607,0.0001510276446253858,2.3,0
shrinking_no_b_decay_r1,shrinking,wallclock_timing,601,5327980,0.1177332,3.52e-05,7,16607,54,0.00029898108604879507,5.0285714285714285,0
shrinking_no_b_decay_r1,shrinking,constant_250,601,5327980,0.0612933,3e-06,1,5105,566,4.8944990724924257e-05,3.0,0
shrinking_no_b_decay_r2,shrinking,wallclock_timing,601,21311922,0.1624808,2.76e-05,7,17631,416,0.00016986622419387399,3.942857142857143,0
shrinking_no_b_decay_r2,shrinking,constant_250,601,21311922,0.1535889,3e-06,1,15701,544,1.9532661539994102e-05,3.0,0
shrinking_split_b_decay_r05,shrinking,wallclock_timing,601,265543,0.0145581,6.7e-06,2,2032,2,0.000460224891984531,3.35,0
shrinking_split_b_decay_r05,shrinking,constant_250,601,265543,0.0083558,2.7e-06,1,1,1031,0.0003231288446348644,2.7,0
shrinking_split_b_decay_r1,shrinking,wallclock_timing,601,1062172,0.0319331,6.8e-06,2,4211,2,0.00021294518853478054,3.4,0
shrinking_split_b_decay_r1,shrinking,constant_250,601,1062172,0.0245055,2.8e-06,1,2108,1027,0.00011426006406725021,2.8,0
shrinking_split_b_decay_r2,shrinking,wallclock_timing,601,4248690,0.0668485,2.01e-05,4,8602,4,0.00030067989558479246,5.025,0
shrinking_split_b_decay_r2,shrinking,constant_250,601,4248690,0.0581982,4.5e-06,1,6416,1013,7.732197903027929e-05,4.5,0
shrinking_b_decay_channels_1_r05,branch_count,wallclock_timing,601,356019,0.0104095,7.1e-06,3,734,848,0.0006820692636533935,2.3666666666666667,0
shrinking_b_decay_channels_1_r05,branch_count,constant_250,601,356019,0.0098002,2.1e-06,1,341,1034,0.00021428134119711841,2.0999999999999996,0
shrinking_b_decay_channels_1_r1,branch_count,wallclock_timing,601,1424076,0.0346766,4.9999999999999996e-06,2,4904,2,0.00014418945340662,2.5,0
shrinking_b_decay_channels_1_r1,branch_count,constant_250,601,1424076,0.0283689,2e-06,1,2799,1028,7.049973738847823e-05,2.0,0
shrinking_b_decay_channels_1_r2,branch_count,wallclock_timing,601,5696304,0.0615631,1.12e-05,4,9776,4,0.00018192716091294946,2.8,0
shrinking_b_decay_channels_1_r2,branch_count,constant_250,601,5696304,0.056722,2.1e-06,1,7758,1011,3.702267197912626e-05,2.0999999999999996,0
shrinking_b_decay_channels_2_r05,branch_count,wallclock_timing,601,282438,0.0135812,5.600000000000001e-06,2,2167,2,0.0004123346979648338,2.8000000000000003,0
shrinking_b_decay_channels_2_r05,branch_count,constant_250,601,282438,0.0087907,1.8e-06,1,60,1033,0.000204761850592103,1.7999999999999998,0
shrinking_b_decay_channels_2_r1,branch_count,wallclock_timing,601,1129754,0.0309897,9.7e-06,4,3683,338,0.00031300722498120345,2.4250000000000003,0
shrinking_b_decay_channels_2_r1,branch_count,constant_250,601,1129754,0.0214662,2.2e-06,1,2258,1027,0.00010248670002142904,2.2,0
shrinking_b_decay_channels_2_r2,branch_count,wallclock_timing,601,4519016,0.059247,1.23e-05,4,8811,4,0.00020760544837713303,3.075,0
shrinking_b_decay_channels_2_r2,branch_count,constant_250,601,4519016,0.0546302,2.9e-06,1,6756,1017,5.308419152776304e-05,2.9000000000000004,0
shrinking_b_decay_channels_4_r05,branch_count,wallclock_timing,601,234166,0.0087249,9.7e-06,3,672,662,0.0011117605932446217,3.2333333333333334,0
shrinking_b_decay_channels_4_r05,branch_count,constant_250,601,234166,0.0088618,2.2e-06,1,1,969,0.0002482565618723059,2.2,0
shrinking_b_decay_channels_4_r1,branch_count,wallclock_timing,601,936665,0.0278985,1.4999999999999999e-05,4,3754,88,0.0005376633152320017,3.7499999999999996,0
shrinking_b_decay_channels_4_r1,branch_count,constant_250,601,936665,0.023607,4.8e-06,1,1855,1025,0.00020332952090481636,4.8,0
shrinking_b_decay_channels_4_r2,branch_count,wallclock_timing,601,3746663,0.0575926,9.299999999999999e-06,2,8069,2,0.0001614790789094432,4.6499999999999995,0
shrinking_b_decay_channels_4_r2,branch_count,constant_250,601,3746663,0.0517667,3.3e-06,1,5899,1016,6.374754427073776e-05,3.3000000000000003,0
shrinking_b_decay_channels_8_r05,branch_count,wallclock_timing,601,94634,0.0080607,9.2e-06,2,1236,2,0.0011413400821268624,4.6,0
shrinking_b_decay_channels_8_r05,branch_count,constant_250,601,94634,0.0045339,2.9e-06,1,1,617,0.0006396259291118021,2.9000000000000004,0
shrinking_b_decay_channels_8_r1,branch_count,wallclock_timing,601,378536,0.0197142,9.299999999999999e-06,2,2571,2,0.00047174118148339767,4.6499999999999995,0
shrinking_b_decay_channels_8_r1,branch_count,constant_250,601,378536,0.0148701,3e-06,1,420,1033,0.00020174713014707365,3.0,0
shrinking_b_decay_channels_8_r2,branch_count,wallclock_timing,601,1514144,0.0404113,1.06e-05,2,5106,2,0.0002623028707317013,5.3,0
shrinking_b_decay_channels_8_r2,branch_count,constant_250,601,1514144,0.0407308,4.8e-06,1,2972,1022,0.00011784693647068066,4.8,0
dense_support_q4_r05,dense_support,wallclock_timing,601,26544211,0.1439161,8.2e-06,3,1492,777,5.697764183437433e-05,2.733333333333333,0
dense_support_q4_r05,dense_support,constant_250,601,26544211,0.1506236,2.1e-06,1,2457,728,1.3942038299443115e-05,2.0999999999999996,0
dense_support_q4_r1,dense_support,wallclock_timing,601,106176844,0.4788985,4.45e-05,9,29168,679,9.292156897547183e-05,4.944444444444445,0
dense_support_q4_r1,dense_support,constant_250,601,106176844,0.4148442,2.3e-06,1,24760,777,5.5442501064254965e-06,2.3,0
dense_support_q6_r05,dense_support,wallclock_timing,601,14530834,0.1181971,1.0399999999999999e-05,3,631,601,8.798862239428886e-05,3.4666666666666663,0
dense_support_q6_r05,dense_support,constant_250,601,14530834,0.1329484,3.3e-06,1,1,637,2.4821660132803406e-05,3.3000000000000003,0
dense_support_q6_r1,dense_support,wallclock_timing,601,58123339,0.418021,6.780000000000001e-05,9,26114,415,0.000162192808495267,7.533333333333335,0
dense_support_q6_r1,dense_support,constant_250,601,58123339,0.3808526,3.8e-06,1,11261,771,9.97761338638623e-06,3.8,0
dense_support_q8_r05,dense_support,wallclock_timing,601,7136096,0.097802,2.11e-05,3,4701,249,0.00021574200936586165,7.033333333333333,0
dense_support_q8_r05,dense_support,constant_250,601,7136096,0.1004731,4.2e-06,1,1,447,4.1802233632683773e-05,4.199999999999999,0
dense_support_q8_r1,dense_support,wallclock_timing,601,28544387,0.3256194,4.7e-05,5,14751,360,0.00014434029422079886,9.4,0
dense_support_q8_r1,dense_support,constant_250,601,28544387,0.40761,7e-06,1,2991,733,1.7173278378842523e-05,7.0,0
dense_support_q8_r2,dense_support,wallclock_timing,601,114177551,0.9217637,0.00015299999999999995,15,52866,336,0.00016598614156751882,10.199999999999998,0
dense_support_q8_r2,dense_support,constant_250,601,114177551,1.0153294,7.6e-06,1,26956,775,7.485255523970842e-06,7.6,0
dense_support_q12_r05,dense_support,wallclock_timing,601,3318636,0.1088419,2.6099999999999997e-05,3,4602,134,0.00023979735745149612,8.7,0
dense_support_q12_r05,dense_support,constant_250,601,3318636,0.0984169,5.1e-06,1,1,305,5.1820368249761985e-05,5.1000000000000005,0
dense_support_q12_r1,dense_support,wallclock_timing,601,13274546,0.3941398,8.45e-05,7,20956,83,0.00021439093438419565,12.071428571428571,0
dense_support_q12_r1,dense_support,constant_250,601,13274546,0.4856328,6.7e-06,1,1,608,1.3796432201449327e-05,6.7,0
dense_support_q12_r2,dense_support,wallclock_timing,601,53098185,0.866922,0.0001325,11,39760,186,0.00015283958649105686,12.045454545454545,0
dense_support_q12_r2,dense_support,constant_250,601,53098185,1.1548769,8.9e-06,1,9831,768,7.706449059635706e-06,8.9,0
collision_o2_g0_n1000000_r05,collision,wallclock_timing,601,23492785,0.1131061,8.099999999999999e-06,3,4929,572,7.161417465547834e-05,2.6999999999999997,0
collision_o2_g0_n1000000_r05,collision,constant_250,601,23492785,0.1179016,1.7e-06,1,1634,719,1.4418803476797602e-05,1.7,0
collision_o2_g0_n1000000_r1,collision,wallclock_timing,601,93971140,0.4342354,2.6200000000000003e-05,5,7977,1217,6.0335937604350094e-05,5.24,0
collision_o2_g0_n1000000_r1,collision,constant_250,601,93971140,0.3645452,2.7e-06,1,21361,778,7.406488962136931e-06,2.7,0
collision_o2_g1_n1000000_r05,collision,wallclock_timing,601,82666378,0.4477016,1.57e-05,5,8923,1057,3.5068000650433236e-05,3.1399999999999997,0
collision_o2_g1_n1000000_r05,collision,constant_250,601,82666378,0.4660328,3.7e-06,1,11689,969,7.939355341512443e-06,3.7,0
collision_o2_g2_n1000000_r05,collision,wallclock_timing,601,127726073,0.6289415,3.1e-05,7,3608,1513,4.928916282356944e-05,4.428571428571429,0
collision_o2_g2_n1000000_r05,collision,constant_250,601,127726073,0.7116735,3.7e-06,1,16380,1151,5.1990133115817865e-06,3.7,0
rossler_r05,rossler,wallclock_timing,602,803571,5.0000208,0.0010516,106,342837,2808,0.0002103191250724397,9.920754716981133,0
rossler_r05,rossler,constant_250,602,803571,5.0000137,1.13e-05,2,336638,147,2.259993807616967e-06,5.65,0
rossler_r1,rossler,wallclock_timing,602,3214284,5.0000179,0.0009932999999999995,94,353626,94,0.000198659288799746,10.567021276595739,0
rossler_r1,rossler,constant_250,602,3214284,5.0000201,0.0,0,335158,0,0.0,nan,0
rossler_r2,rossler,wallclock_timing,602,12857138,5.000026,0.0008299999999999999,76,304379,76,0.0001659991368044886,10.921052631578947,0
rossler_r2,rossler,constant_250,602,12857138,5.0000262,0.0,0,291660,0,0.0,nan,0
dimerization_r05,dimerization,wallclock_timing,602,7758321,0.1592746,1.62e-05,5,3046,1978,0.00010171113284855213,3.24,0
dimerization_r05,dimerization,constant_250,602,7758321,0.1725554,0.0,0,15777,0,0.0,nan,0
dimerization_r1,dimerization,wallclock_timing,602,31033286,0.3701185,6.709999999999999e-05,12,29629,312,0.00018129328850084497,5.591666666666666,0
dimerization_r1,dimerization,constant_250,602,31033286,0.2971877,0.0,0,31819,0,0.0,nan,0
dimerization_r2,dimerization,wallclock_timing,602,124133146,0.6946516,9.630000000000001e-05,16,63404,16,0.00013863064592379835,6.018750000000001,0
dimerization_r2,dimerization,constant_250,602,124133146,0.6467076,0.0,0,63515,0,0.0,nan,0
lotka_volterra_r05,lotka_volterra,wallclock_timing,602,664991,0.8829546,0.00022570000000000004,34,61594,9298,0.00025561903182791054,6.638235294117648,0
lotka_volterra_r05,lotka_volterra,constant_250,602,664991,0.9005568,0.0,0,85265,0,0.0,nan,0
lotka_volterra_r1,lotka_volterra,wallclock_timing,602,2659967,1.8163807,0.0003961,58,161595,3462,0.0002180710244278636,6.8293103448275865,0
lotka_volterra_r1,lotka_volterra,constant_250,602,2659967,1.7891396,0.0,0,170680,0,0.0,nan,0
lotka_volterra_r2,lotka_volterra,wallclock_timing,602,10639870,3.6214024,0.0007886000000000002,100,341452,179,0.00021776094255639754,7.886000000000002,0
lotka_volterra_r2,lotka_volterra,constant_250,602,10639870,3.6273679,0.0,0,342005,0,0.0,nan,0
shrinking_r05,shrinking,wallclock_timing,602,340706,0.0160414,2.7e-05,6,2354,7,0.0016831448626678468,4.5,0
shrinking_r05,shrinking,constant_250,602,340706,0.009388,2e-06,1,274,1037,0.00021303792074989347,2.0,0
shrinking_r1,shrinking,wallclock_timing,602,1362824,0.0345501,4.8e-06,2,4785,2,0.00013892868616878097,2.4,0
shrinking_r1,shrinking,constant_250,602,1362824,0.0281283,3e-06,1,2731,1028,0.00010665415257943068,3.0,0
shrinking_r2,shrinking,wallclock_timing,602,5451297,0.0728525,1.27e-05,4,9512,4,0.0001743248344257232,3.1750000000000003,0
shrinking_r2,shrinking,constant_250,602,5451297,0.0646556,2.9e-06,1,7539,1011,4.485303670525059e-05,2.9000000000000004,0
shrinking_no_b_decay_r05,shrinking,wallclock_timing,602,1331995,0.0170443,8.5e-06,3,1134,554,0.0004987004453101624,2.8333333333333335,0
shrinking_no_b_decay_r05,shrinking,constant_250,602,1331995,0.0179026,2.2e-06,1,892,608,0.00012288717839866836,2.2,0
shrinking_no_b_decay_r1,shrinking,wallclock_timing,602,5327980,0.1216572,2.94e-05,7,16645,23,0.0002416626389560174,4.199999999999999,0
shrinking_no_b_decay_r1,shrinking,constant_250,602,5327980,0.0572229,2.4e-06,1,5143,566,4.194125079295177e-05,2.4,0
shrinking_no_b_decay_r2,shrinking,wallclock_timing,602,21311922,0.1660928,4.3e-05,9,19421,321,0.00025889141491985203,4.777777777777779,0
shrinking_no_b_decay_r2,shrinking,constant_250,602,21311922,0.1583106,3.4e-06,1,15732,545,2.147676782224311e-05,3.4,0
shrinking_split_b_decay_r05,shrinking,wallclock_timing,602,265543,0.0148126,7.1e-06,2,2090,2,0.00047932165858795885,3.55,0
shrinking_split_b_decay_r05,shrinking,constant_250,602,265543,0.0083801,2.3e-06,1,1,1036,0.00027445973198410523,2.3,0
shrinking_split_b_decay_r1,shrinking,wallclock_timing,602,1062172,0.0268223,1.05e-05,3,1008,1572,0.0003914653105811209,3.5,0
shrinking_split_b_decay_r1,shrinking,constant_250,602,1062172,0.0266198,3.4e-06,1,2104,1028,0.00012772447576615904,3.4,0
shrinking_split_b_decay_r2,shrinking,wallclock_timing,602,4248690,0.0544641,7.1e-06,2,8411,2,0.00013036110024768608,3.55,0
shrinking_split_b_decay_r2,shrinking,constant_250,602,4248690,0.0476641,2.2e-06,1,6350,1010,4.61563314947728e-05,2.2,0
shrinking_b_decay_channels_1_r05,branch_count,wallclock_timing,602,356019,0.0132584,9.999999999999999e-06,4,1981,204,0.0007542388221806552,2.5,0
shrinking_b_decay_channels_1_r05,branch_count,constant_250,602,356019,0.0081586,2.7e-06,1,314,1035,0.0003309391317137744,2.7,0
shrinking_b_decay_channels_1_r1,branch_count,wallclock_timing,602,1424076,0.0309081,4.2e-06,2,4909,2,0.00013588670930921018,2.0999999999999996,0
shrinking_b_decay_channels_1_r1,branch_count,constant_250,602,1424076,0.0253491,2.1e-06,1,2846,1021,8.284317786430287e-05,2.0999999999999996,0
shrinking_b_decay_channels_1_r2,branch_count,wallclock_timing,602,5696304,0.0625273,1.11e-05,4,9691,4,0.0001775224581902625,2.775,0
shrinking_b_decay_channels_1_r2,branch_count,constant_250,602,5696304,0.0573539,2.6e-06,1,7707,1006,4.533257546566145e-05,2.6,0
shrinking_b_decay_channels_2_r05,branch_count,wallclock_timing,602,282438,0.012729,1.05e-05,4,2090,45,0.0008248880509073768,2.625,0
shrinking_b_decay_channels_2_r05,branch_count,constant_250,602,282438,0.0074688,2.6e-06,1,56,1033,0.000348114824335904,2.6,0
shrinking_b_decay_channels_2_r1,branch_count,wallclock_timing,602,1129754,0.0231385,7.499999999999999e-06,3,1345,1483,0.00032413509950947556,2.5,0
shrinking_b_decay_channels_2_r1,branch_count,constant_250,602,1129754,0.022016,2.3e-06,1,2271,1030,0.00010446947674418605,2.3,0
shrinking_b_decay_channels_2_r2,branch_count,wallclock_timing,602,4519016,0.0590364,2.6600000000000003e-05,6,8678,6,0.000450569479168784,4.433333333333334,0
shrinking_b_decay_channels_2_r2,branch_count,constant_250,602,4519016,0.0527888,3e-06,1,6649,1014,5.6830236716879344e-05,3.0,0
shrinking_b_decay_channels_4_r05,branch_count,wallclock_timing,602,234166,0.0130973,8e-06,2,1968,2,0.0006108129156391012,4.0,0
shrinking_b_decay_channels_4_r05,branch_count,constant_250,602,234166,0.0071571,2.8e-06,1,1,971,0.0003912199075044362,2.8,0
shrinking_b_decay_channels_4_r1,branch_count,wallclock_timing,602,936665,0.025622,7.1e-06,2,3963,2,0.00027710561236437436,3.55,0
shrinking_b_decay_channels_4_r1,branch_count,constant_250,602,936665,0.0204019,3.2e-06,1,1852,1031,0.00015684813669315112,3.1999999999999997,0
shrinking_b_decay_channels_4_r2,branch_count,wallclock_timing,602,3746663,0.0534937,9e-06,2,8034,2,0.00016824411098877065,4.5,0
shrinking_b_decay_channels_4_r2,branch_count,constant_250,602,3746663,0.0485596,4.1e-06,1,5809,1016,8.443232646067924e-05,4.1,0
shrinking_b_decay_channels_8_r05,branch_count,wallclock_timing,602,94634,0.0076766,9e-06,2,1227,2,0.0011723940286064143,4.5,0
shrinking_b_decay_channels_8_r05,branch_count,constant_250,602,94634,0.0043566,3.1e-06,1,1,617,0.0007115640637194141,3.1,0
shrinking_b_decay_channels_8_r1,branch_count,wallclock_timing,602,378536,0.0162828,1.07e-05,2,2497,2,0.0006571351364630161,5.35,0
shrinking_b_decay_channels_8_r1,branch_count,constant_250,602,378536,0.0145176,3e-06,1,383,1035,0.00020664572656637462,3.0,0
shrinking_b_decay_channels_8_r2,branch_count,wallclock_timing,602,1514144,0.0357139,9.1e-06,2,5098,2,0.0002548027518697202,4.55,0
shrinking_b_decay_channels_8_r2,branch_count,constant_250,602,1514144,0.0334721,3.9e-06,1,2958,1021,0.00011651494827035054,3.9,0
dense_support_q4_r05,dense_support,wallclock_timing,602,26544211,0.1159,7.5e-06,3,6178,570,6.47109577221743e-05,2.5,0
dense_support_q4_r05,dense_support,constant_250,602,26544211,0.1200895,2e-06,1,2447,727,1.6654245375324236e-05,2.0,0
dense_support_q4_r1,dense_support,wallclock_timing,602,106176844,0.4691336,8.140000000000001e-05,15,33035,832,0.0001735113409058742,5.426666666666668,0
dense_support_q4_r1,dense_support,constant_250,602,106176844,0.4888857,3.2e-06,1,24661,776,6.545497239947906e-06,3.1999999999999997,0
dense_support_q6_r05,dense_support,wallclock_timing,602,14530834,0.1361598,1.53e-05,3,1410,559,0.00011236796763802532,5.1,0
dense_support_q6_r05,dense_support,constant_250,602,14530834,0.1330462,3.2e-06,1,1,637,2.4051795541699046e-05,3.1999999999999997,0
dense_support_q6_r1,dense_support,wallclock_timing,602,58123339,0.4436828,4.71e-05,5,7872,893,0.000106156921115716,9.42,0
dense_support_q6_r1,dense_support,constant_250,602,58123339,0.3664336,4e-06,1,11249,772,1.0916029534409507e-05,4.0,0
dense_support_q8_r05,dense_support,wallclock_timing,602,7136096,0.1029377,1.84e-05,3,6502,200,0.0001787488937483546,6.133333333333334,0
dense_support_q8_r05,dense_support,constant_250,602,7136096,0.0972837,4.2e-06,1,1,447,4.317270005149886e-05,4.199999999999999,0
dense_support_q8_r1,dense_support,wallclock_timing,602,28544387,0.3382482,5.46e-05,7,20575,251,0.00016141992773354005,7.8,0
dense_support_q8_r1,dense_support,constant_250,602,28544387,0.3652166,7.4e-06,1,2995,733,2.026194866279353e-05,7.4,0
dense_support_q8_r2,dense_support,wallclock_timing,602,114177551,0.9462866,0.0001,11,37500,563,0.0001056762295904856,9.090909090909092,0
dense_support_q8_r2,dense_support,constant_250,602,114177551,1.0439135,1.35e-05,1,26898,774,1.2932105964718341e-05,13.5,0
dense_support_q12_r05,dense_support,wallclock_timing,602,3318636,0.0953835,4.85e-05,5,2027,214,0.0005084736877971557,9.700000000000001,0
dense_support_q12_r05,dense_support,constant_250,602,3318636,0.0972247,5e-06,1,1,305,5.1427260768097004e-05,5.0,0
dense_support_q12_r1,dense_support,wallclock_timing,602,13274546,0.3277199,5.67e-05,5,10395,238,0.00017301360094397686,11.34,0
dense_support_q12_r1,dense_support,constant_250,602,13274546,0.4329082,6.6e-06,1,1,609,1.5245726461175834e-05,6.6000000000000005,0
dense_support_q12_r2,dense_support,wallclock_timing,602,53098185,0.860273,0.00018839999999999997,15,51638,73,0.0002190002475958213,12.559999999999999,0
dense_support_q12_r2,dense_support,constant_250,602,53098185,1.21408,1.24e-05,1,9816,768,1.0213494992092777e-05,12.4,0
collision_o2_g0_n1000000_r05,collision,wallclock_timing,602,23492785,0.1153228,5.9e-06,3,377,787,5.116074184809942e-05,1.9666666666666668,0
collision_o2_g0_n1000000_r05,collision,constant_250,602,23492785,0.1144018,2.3e-06,1,1647,718,2.0104578774110197e-05,2.3,0
collision_o2_g0_n1000000_r1,collision,wallclock_timing,602,93971140,0.4226551,7.529999999999999e-05,13,26003,668,0.0001781594496316263,5.792307692307691,0
collision_o2_g0_n1000000_r1,collision,constant_250,602,93971140,0.4263708,2.6e-06,1,21290,778,6.097978567012563e-06,2.6,0
collision_o2_g1_n1000000_r05,collision,wallclock_timing,602,82666378,0.4504707,3.91e-05,7,9524,1038,8.679809807829899e-05,5.585714285714285,0
collision_o2_g1_n1000000_r05,collision,constant_250,602,82666378,0.4050256,2.3e-06,1,11669,969,5.678653398698749e-06,2.3,0
collision_o2_g2_n1000000_r05,collision,wallclock_timing,602,127726073,0.6723239,1.58e-05,5,5917,1430,2.3500577623374687e-05,3.16,0
collision_o2_g2_n1000000_r05,collision,constant_250,602,127726073,0.6582774,3.3e-06,1,16329,1151,5.013084149630536e-06,3.3000000000000003,0
rossler_r05,rossler,wallclock_timing,603,803571,5.0000203,0.0011397000000000004,106,384566,126,0.00022793907456735734,10.751886792452833,0
rossler_r05,rossler,constant_250,603,803571,5.0000316,2.0700000000000002e-05,2,257372,147,4.139973835365361e-06,10.350000000000001,0
rossler_r1,rossler,wallclock_timing,603,3214284,5.000025,0.0008134000000000001,64,225920,64,0.00016267918660406702,12.709375000000001,0
rossler_r1,rossler,constant_250,603,3214284,5.0000772,0.0,0,210681,0,0.0,nan,0
rossler_r2,rossler,wallclock_timing,603,12857138,5.0000183,0.0006776999999999999,44,179456,44,0.00013553950392541561,15.402272727272727,0
rossler_r2,rossler,constant_250,603,12857138,5.0000445,0.0,0,163333,0,0.0,nan,0
dimerization_r05,dimerization,wallclock_timing,603,7758321,0.2695754,3.1e-05,5,8910,1123,0.00011499565613182805,6.2,0
dimerization_r05,dimerization,constant_250,603,7758321,0.262118,0.0,0,15883,0,0.0,nan,0
dimerization_r1,dimerization,wallclock_timing,603,31033286,0.7603355,9.839999999999999e-05,13,20586,1753,0.0001294165536135035,7.569230769230769,0
dimerization_r1,dimerization,constant_250,603,31033286,0.5975121,0.0,0,31745,0,0.0,nan,0
dimerization_r2,dimerization,wallclock_timing,603,124133146,1.256895,0.0001405,16,63469,16,0.00011178340275042863,8.78125,0
dimerization_r2,dimerization,constant_250,603,124133146,1.2654228,0.0,0,63604,0,0.0,nan,0
lotka_volterra_r05,lotka_volterra,wallclock_timing,603,664991,1.5081734,0.00038169999999999985,34,64532,8404,0.00025308760915687803,11.226470588235289,0
lotka_volterra_r05,lotka_volterra,constant_250,603,664991,1.6619722,0.0,0,85432,0,0.0,nan,0
lotka_volterra_r1,lotka_volterra,wallclock_timing,603,2659967,3.5183956,0.0005968000000000001,54,142564,11502,0.00016962276783201983,11.051851851851854,0
lotka_volterra_r1,lotka_volterra,constant_250,603,2659967,3.1747128,0.0,0,170884,0,0.0,nan,0
lotka_volterra_r2,lotka_volterra,wallclock_timing,603,10639870,5.000031,0.0007256999999999999,70,229816,870,0.00014513910013757913,10.367142857142856,0
lotka_volterra_r2,lotka_volterra,constant_250,603,10639870,5.0000191,0.0,0,231342,0,0.0,nan,0
shrinking_r05,shrinking,wallclock_timing,603,340706,0.0241353,2.23e-05,4,2350,37,0.0009239578542632576,5.575,0
shrinking_r05,shrinking,constant_250,603,340706,0.0152466,3.8e-06,1,286,1034,0.00024923589521598256,3.8,0
shrinking_r1,shrinking,wallclock_timing,603,1362824,0.0399282,1.03e-05,3,1183,1753,0.00025796304366337575,3.433333333333333,0
shrinking_r1,shrinking,constant_250,603,1362824,0.0460512,4.1e-06,1,2699,1028,8.903133903133902e-05,4.1,0
shrinking_r2,shrinking,wallclock_timing,603,5451297,0.1371386,1.8200000000000002e-05,4,9587,4,0.0001327124529490603,4.550000000000001,0
shrinking_r2,shrinking,constant_250,603,5451297,0.1032588,4.4e-06,1,7481,1010,4.261138033755961e-05,4.4,0
shrinking_no_b_decay_r05,shrinking,wallclock_timing,603,1331995,0.0188127,2.05e-05,7,1613,453,0.0010896894119398065,2.928571428571429,0
shrinking_no_b_decay_r05,shrinking,constant_250,603,1331995,0.0296055,3.2e-06,1,903,607,0.00010808802418469541,3.1999999999999997,0
shrinking_no_b_decay_r1,shrinking,wallclock_timing,603,5327980,0.0980289,2.7099999999999995e-05,5,4805,627,0.00027644908797303647,5.419999999999999,0
shrinking_no_b_decay_r1,shrinking,constant_250,603,5327980,0.0884435,4.2e-06,1,5174,566,4.748794428081204e-05,4.199999999999999,0
shrinking_no_b_decay_r2,shrinking,wallclock_timing,603,21311922,0.2334118,4.4e-05,7,16885,455,0.0001885080360118897,6.285714285714286,0
shrinking_no_b_decay_r2,shrinking,constant_250,603,21311922,0.2621837,4e-06,1,15750,545,1.5256478568271023e-05,4.0,0
shrinking_split_b_decay_r05,shrinking,wallclock_timing,603,265543,0.0198015,1.99e-05,3,1342,386,0.0010049743706284878,6.633333333333333,0
shrinking_split_b_decay_r05,shrinking,constant_250,603,265543,0.0099234,1.6e-06,1,1,1033,0.0001612350605639196,1.5999999999999999,0
shrinking_split_b_decay_r1,shrinking,wallclock_timing,603,1062172,0.0438305,8.5e-06,2,4143,2,0.0001939288851370621,4.25,0
shrinking_split_b_decay_r1,shrinking,constant_250,603,1062172,0.0408987,4.3e-06,1,2148,1026,0.00010513781611640467,4.300000000000001,0
shrinking_split_b_decay_r2,shrinking,wallclock_timing,603,4248690,0.1202765,2.6300000000000002e-05,4,8451,4,0.00021866283106009905,6.575,0
shrinking_split_b_decay_r2,shrinking,constant_250,603,4248690,0.1172072,3.5e-06,1,6406,1012,2.9861646724774588e-05,3.5,0
shrinking_b_decay_channels_1_r05,branch_count,wallclock_timing,603,356019,0.0233889,1.62e-05,3,993,710,0.0006926362505290972,5.4,0
shrinking_b_decay_channels_1_r05,branch_count,constant_250,603,356019,0.0198731,4.2e-06,1,333,1036,0.00021134095838092694,4.199999999999999,0
shrinking_b_decay_channels_1_r1,branch_count,wallclock_timing,603,1424076,0.0683576,2.76e-05,4,4008,422,0.00040375905532084215,6.9,0
shrinking_b_decay_channels_1_r1,branch_count,constant_250,603,1424076,0.0508088,3.9e-06,1,2826,1023,7.675835682007841e-05,3.9,0
shrinking_b_decay_channels_1_r2,branch_count,wallclock_timing,603,5696304,0.1254584,2.17e-05,4,9858,4,0.0001729657001842842,5.425,0
shrinking_b_decay_channels_1_r2,branch_count,constant_250,603,5696304,0.11577,4.6e-06,1,7716,1011,3.973395525611125e-05,4.6,0
shrinking_b_decay_channels_2_r05,branch_count,wallclock_timing,603,282438,0.0196699,1.66e-05,3,444,851,0.0008439290489529687,5.533333333333333,0
shrinking_b_decay_channels_2_r05,branch_count,constant_250,603,282438,0.0142396,5.3e-06,1,61,1035,0.00037220146633332396,5.3,0
shrinking_b_decay_channels_2_r1,branch_count,wallclock_timing,603,1129754,0.0474504,1.23e-05,2,4376,2,0.00025921804663395887,6.15,0
shrinking_b_decay_channels_2_r1,branch_count,constant_250,603,1129754,0.0384467,3.5e-06,1,2251,1029,9.103512134981676e-05,3.5,0
shrinking_b_decay_channels_2_r2,branch_count,wallclock_timing,603,4519016,0.103665,1.68e-05,4,8707,4,0.00016206048328751266,4.199999999999999,0
shrinking_b_decay_channels_2_r2,branch_count,constant_250,603,4519016,0.106031,3.5e-06,1,6634,1011,3.3009214286387946e-05,3.5,0
shrinking_b_decay_channels_4_r05,branch_count,wallclock_timing,603,234166,0.0334473,2.5300000000000002e-05,2,1970,2,0.0007564138211455036,12.65,0
shrinking_b_decay_channels_4_r05,branch_count,constant_250,603,234166,0.01286,5.5e-06,1,1,968,0.0004276827371695179,5.5,0
shrinking_b_decay_channels_4_r1,branch_count,wallclock_timing,603,936665,0.0409105,1.53e-05,2,3998,2,0.00037398711822148343,7.6499999999999995,0
shrinking_b_decay_channels_4_r1,branch_count,constant_250,603,936665,0.0451473,5.5e-06,1,1891,1033,0.00012182345345125842,5.5,0
shrinking_b_decay_channels_4_r2,branch_count,wallclock_timing,603,3746663,0.1165682,4.51e-05,4,7928,4,0.00038689797045849555,11.275,0
shrinking_b_decay_channels_4_r2,branch_count,constant_250,603,3746663,0.1277711,4.5e-06,1,5871,1015,3.5219231892031926e-05,4.5,0
shrinking_b_decay_channels_8_r05,branch_count,wallclock_timing,603,94634,0.0198813,2.31e-05,2,1243,2,0.001161895851880913,11.549999999999999,0
shrinking_b_decay_channels_8_r05,branch_count,constant_250,603,94634,0.0086926,6.3e-06,1,1,625,0.0007247543887904654,6.3,0
shrinking_b_decay_channels_8_r1,branch_count,wallclock_timing,603,378536,0.0396825,2.28e-05,2,2481,2,0.0005745605745605745,11.399999999999999,0
shrinking_b_decay_channels_8_r1,branch_count,constant_250,603,378536,0.0302044,7.7e-06,1,381,1033,0.0002549297453351168,7.700000000000001,0
shrinking_b_decay_channels_8_r2,branch_count,wallclock_timing,603,1514144,0.0867962,2.43e-05,2,5074,2,0.0002799661736343296,12.15,0
shrinking_b_decay_channels_8_r2,branch_count,constant_250,603,1514144,0.0749097,1.01e-05,1,2970,1028,0.00013482900078361015,10.1,0
dense_support_q4_r05,dense_support,wallclock_timing,603,26544211,0.2590416,9.9e-06,3,1137,794,3.821779976652399e-05,3.3000000000000003,0
dense_support_q4_r05,dense_support,constant_250,603,26544211,0.260356,6.3e-06,1,2439,728,2.4197637081534515e-05,6.3,0
dense_support_q4_r1,dense_support,wallclock_timing,603,106176844,0.8514077,3.94e-05,5,8161,1301,4.627630217579663e-05,7.880000000000001,0
dense_support_q4_r1,dense_support,constant_250,603,106176844,0.7261452,2.2e-06,1,24542,776,3.029697090884853e-06,2.2,0
dense_support_q6_r05,dense_support,wallclock_timing,603,14530834,0.1686546,2.9e-05,3,5068,405,0.00017194906038732417,9.666666666666666,0
dense_support_q6_r05,dense_support,constant_250,603,14530834,0.1641535,5e-06,1,1,637,3.045929572016436e-05,5.0,0
dense_support_q6_r1,dense_support,wallclock_timing,603,58123339,0.6945421,6.25e-05,7,8806,857,8.998734561950959e-05,8.928571428571429,0
dense_support_q6_r1,dense_support,constant_250,603,58123339,0.7063036,6.8e-06,1,11130,771,9.627587909788368e-06,6.8,0
dense_support_q8_r05,dense_support,wallclock_timing,603,7136096,0.164116,5.63e-05,5,1268,378,0.00034305003777815687,11.26,0
dense_support_q8_r05,dense_support,constant_250,603,7136096,0.1884205,1.01e-05,1,1,447,5.360350917230344e-05,10.1,0
dense_support_q8_r1,dense_support,wallclock_timing,603,28544387,0.519234,9.23e-05,7,17897,294,0.00017776185688918677,13.185714285714283,0
dense_support_q8_r1,dense_support,constant_250,603,28544387,0.57626,8.1e-06,1,2980,733,1.405615520771874e-05,8.1,0
dense_support_q8_r2,dense_support,wallclock_timing,603,114177551,2.1552377,7.319999999999999e-05,5,15040,1102,3.396377114227354e-05,14.639999999999999,0
dense_support_q8_r2,dense_support,constant_250,603,114177551,1.8314178,9.9e-06,1,26744,775,5.405648017617825e-06,9.9,0
dense_support_q12_r05,dense_support,wallclock_timing,603,3318636,0.1659953,4.04e-05,3,2048,208,0.0002433803848663185,13.466666666666667,0
dense_support_q12_r05,dense_support,constant_250,603,3318636,0.1663977,8.3e-06,1,1,305,4.988049714629469e-05,8.3,0
dense_support_q12_r1,dense_support,wallclock_timing,603,13274546,0.6380686,0.0001179,7,17164,124,0.00018477637044041973,16.842857142857145,0
dense_support_q12_r1,dense_support,constant_250,603,13274546,0.7207959,1.2e-05,1,1,609,1.6648263398834537e-05,12.0,0
dense_support_q12_r2,dense_support,wallclock_timing,603,53098185,1.7498905,0.00018160000000000002,9,28600,332,0.00010377792210426883,20.17777777777778,0
dense_support_q12_r2,dense_support,constant_250,603,53098185,2.046275,1.19e-05,1,9721,768,5.815445138116821e-06,11.9,0
collision_o2_g0_n1000000_r05,collision,wallclock_timing,603,23492785,0.1957444,1.53e-05,3,5281,557,7.816315562539719e-05,5.1,0
collision_o2_g0_n1000000_r05,collision,constant_250,603,23492785,0.1901123,3.5e-06,1,1597,718,1.8410171251412978e-05,3.5,0
collision_o2_g0_n1000000_r1,collision,wallclock_timing,603,93971140,0.7357426,4.4500000000000004e-05,7,12425,1041,6.0483109174322655e-05,6.357142857142858,0
collision_o2_g0_n1000000_r1,collision,constant_250,603,93971140,0.6955822,3.6e-06,1,21173,778,5.175520592677615e-06,3.5999999999999996,0
collision_o2_g1_n1000000_r05,collision,wallclock_timing,603,82666378,0.6695452,9.06e-05,3,2586,1289,0.00013531573372492254,30.200000000000003,0
collision_o2_g1_n1000000_r05,collision,constant_250,603,82666378,0.6235198,5.1e-06,1,11571,969,8.179371368800158e-06,5.1000000000000005,0
collision_o2_g2_n1000000_r05,collision,wallclock_timing,603,127726073,1.001283,3.6700000000000004e-05,5,3801,1521,3.665297423405771e-05,7.340000000000001,0
collision_o2_g2_n1000000_r05,collision,constant_250,603,127726073,1.2157647,4.3e-06,1,16238,1151,3.536868606236059e-06,4.300000000000001,0
rossler_r05,rossler,wallclock_timing,601,803571,5.0000399,0.0010183999999999996,64,192658,134,0.00020367837464657025,15.912499999999994,1
rossler_r05,rossler,constant_250,601,803571,5.0000411,3.28e-05,2,191856,146,6.559946077243245e-06,16.4,1
rossler_r1,rossler,wallclock_timing,601,3214284,5.0000372,0.0011127999999999997,40,128400,2893,0.00022255834416591932,27.819999999999993,1
rossler_r1,rossler,constant_250,601,3214284,5.000042,0.0,0,169107,0,0.0,nan,1
rossler_r2,rossler,wallclock_timing,601,12857138,5.0000164,0.0006372000000000001,40,154238,42,0.00012743958199817106,15.930000000000001,1
rossler_r2,rossler,constant_250,601,12857138,5.0000188,0.0,0,153916,0,0.0,nan,1
dimerization_r05,dimerization,wallclock_timing,601,7758321,0.3390726,5.8700000000000004e-05,6,14641,193,0.00017311926708321463,9.783333333333333,1
dimerization_r05,dimerization,constant_250,601,7758321,0.3265547,0.0,0,15826,0,0.0,nan,1
dimerization_r1,dimerization,wallclock_timing,601,31033286,0.7393504,0.0001056,11,28137,588,0.000142828082597913,9.600000000000001,1
dimerization_r1,dimerization,constant_250,601,31033286,0.6503283,0.0,0,31891,0,0.0,nan,1
dimerization_r2,dimerization,wallclock_timing,601,124133146,1.6928193,0.00014009999999999996,15,56423,1146,8.276134375358312e-05,9.339999999999996,1
dimerization_r2,dimerization,constant_250,601,124133146,1.4618738,0.0,0,63701,0,0.0,nan,1
lotka_volterra_r05,lotka_volterra,wallclock_timing,601,664991,1.7224975,0.0004686,42,71284,5438,0.0002720468389649332,11.157142857142857,1
lotka_volterra_r05,lotka_volterra,constant_250,601,664991,1.7560049,0.0,0,85635,0,0.0,nan,1
lotka_volterra_r1,lotka_volterra,wallclock_timing,601,2659967,2.8766525,0.0006618999999999999,62,149839,8819,0.000230093833022932,10.6758064516129,1
lotka_volterra_r1,lotka_volterra,constant_250,601,2659967,3.1793934,0.0,0,170942,0,0.0,nan,1
lotka_volterra_r2,lotka_volterra,wallclock_timing,601,10639870,5.0000158,0.0005281,50,176457,8100,0.00010561966624185467,10.562,1
lotka_volterra_r2,lotka_volterra,constant_250,601,10639870,5.0000215,0.0,0,290694,0,0.0,nan,1
shrinking_r05,shrinking,wallclock_timing,601,340706,0.0146224,1.26e-05,3,411,978,0.0008616916511653353,4.199999999999999,1
shrinking_r05,shrinking,constant_250,601,340706,0.0117336,2.6e-06,1,284,1037,0.0002215858730483398,2.6,1
shrinking_r1,shrinking,wallclock_timing,601,1362824,0.0489791,6.4e-06,2,4841,2,0.0001306679787909537,3.1999999999999997,1
shrinking_r1,shrinking,constant_250,601,1362824,0.054564,4.2e-06,1,2660,1025,7.697382889817461e-05,4.199999999999999,1
shrinking_r2,shrinking,wallclock_timing,601,5451297,0.152582,4.770000000000001e-05,6,9371,113,0.00031261878858580963,7.950000000000002,1
shrinking_r2,shrinking,constant_250,601,5451297,0.129832,4.2e-06,1,7554,1007,3.234949781255776e-05,4.199999999999999,1
shrinking_no_b_decay_r05,shrinking,wallclock_timing,601,1331995,0.0242579,1.08e-05,3,898,605,0.0004452157853730125,3.5999999999999996,1
shrinking_no_b_decay_r05,shrinking,constant_250,601,1331995,0.0372666,4e-06,1,896,607,0.00010733471795119491,4.0,1
shrinking_no_b_decay_r1,shrinking,wallclock_timing,601,5327980,0.1212534,1.44e-05,3,5264,557,0.00011875955643305671,4.8,1
shrinking_no_b_decay_r1,shrinking,constant_250,601,5327980,0.109623,3.7e-06,1,5105,566,3.375204108626839e-05,3.7,1
shrinking_no_b_decay_r2,shrinking,wallclock_timing,601,21311922,0.2864965,5.6300000000000006e-05,7,18744,353,0.00019651199927398768,8.042857142857144,1
shrinking_no_b_decay_r2,shrinking,constant_250,601,21311922,0.2146971,3.2e-06,1,15701,544,1.4904719253310826e-05,3.1999999999999997,1
shrinking_split_b_decay_r05,shrinking,wallclock_timing,601,265543,0.0228949,8.5e-06,2,2032,2,0.0003712617220429004,4.25,1
shrinking_split_b_decay_r05,shrinking,constant_250,601,265543,0.014326,4e-06,1,1,1031,0.0002792126204104425,4.0,1
shrinking_split_b_decay_r1,shrinking,wallclock_timing,601,1062172,0.0681958,1.11e-05,2,4211,2,0.00016276662199138364,5.55,1
shrinking_split_b_decay_r1,shrinking,constant_250,601,1062172,0.04965,4.1e-06,1,2108,1027,8.257804632426988e-05,4.1,1
shrinking_split_b_decay_r2,shrinking,wallclock_timing,601,4248690,0.0987513,2.48e-05,4,8602,4,0.0002511359344130153,6.2,1
shrinking_split_b_decay_r2,shrinking,constant_250,601,4248690,0.1249229,5.9e-06,1,6416,1013,4.722913092795636e-05,5.9,1
shrinking_b_decay_channels_1_r05,branch_count,wallclock_timing,601,356019,0.0217095,1.6000000000000003e-05,3,1116,669,0.0007370045371841822,5.333333333333335,1
shrinking_b_decay_channels_1_r05,branch_count,constant_250,601,356019,0.0202708,3.9e-06,1,341,1034,0.00019239497207806304,3.9,1
shrinking_b_decay_channels_1_r1,branch_count,wallclock_timing,601,1424076,0.0760828,2.48e-05,4,4776,64,0.00032596066390826834,6.2,1
shrinking_b_decay_channels_1_r1,branch_count,constant_250,601,1424076,0.0600967,5.5e-06,1,2799,1028,9.151916827379872e-05,5.5,1
shrinking_b_decay_channels_1_r2,branch_count,wallclock_timing,601,5696304,0.1462954,4.4e-05,6,9621,109,0.0003007613363099592,7.333333333333333,1
shrinking_b_decay_channels_1_r2,branch_count,constant_250,601,5696304,0.0968277,3.7e-06,1,7758,1011,3.821220580474389e-05,3.7,1
shrinking_b_decay_channels_2_r05,branch_count,wallclock_timing,601,282438,0.01431,1.06e-05,3,761,696,0.0007407407407407408,3.5333333333333337,1
shrinking_b_decay_channels_2_r05,branch_count,constant_250,601,282438,0.0173588,4.2e-06,1,60,1033,0.00024195220867801918,4.199999999999999,1
shrinking_b_decay_channels_2_r1,branch_count,wallclock_timing,601,1129754,0.0601441,6.300000000000001e-06,2,4406,2,0.00010474842918923055,3.1500000000000004,1
shrinking_b_decay_channels_2_r1,branch_count,constant_250,601,1129754,0.0535747,3.7e-06,1,2258,1027,6.906244925309894e-05,3.7,1
shrinking_b_decay_channels_2_r2,branch_count,wallclock_timing,601,4519016,0.1401786,2.8800000000000002e-05,4,8811,4,0.000205452187423758,7.2,1
shrinking_b_decay_channels_2_r2,branch_count,constant_250,601,4519016,0.1232149,4.9e-06,1,6756,1017,3.976791767878722e-05,4.8999999999999995,1
shrinking_b_decay_channels_4_r05,branch_count,wallclock_timing,601,234166,0.0165954,2.3e-05,4,1988,4,0.001385926220518939,5.75,1
shrinking_b_decay_channels_4_r05,branch_count,constant_250,601,234166,0.0131347,4.4e-06,1,1,969,0.0003349905212909317,4.4,1
shrinking_b_decay_channels_4_r1,branch_count,wallclock_timing,601,936665,0.0506332,1.65e-05,2,3971,2,0.00032587314252308764,8.25,1
shrinking_b_decay_channels_4_r1,branch_count,constant_250,601,936665,0.0430004,5.1e-06,1,1855,1025,0.00011860354787397327,5.1000000000000005,1
shrinking_b_decay_channels_4_r2,branch_count,wallclock_timing,601,3746663,0.1095282,1.88e-05,2,8069,2,0.00017164529317563877,9.4,1
shrinking_b_decay_channels_4_r2,branch_count,constant_250,601,3746663,0.1057772,3.4e-06,1,5899,1016,3.2143032714044236e-05,3.4,1
shrinking_b_decay_channels_8_r05,branch_count,wallclock_timing,601,94634,0.0124243,1.53e-05,2,1236,2,0.0012314577078789148,7.6499999999999995,1
shrinking_b_decay_channels_8_r05,branch_count,constant_250,601,94634,0.0068037,4.2e-06,1,1,617,0.0006173111689227919,4.199999999999999,1
shrinking_b_decay_channels_8_r1,branch_count,wallclock_timing,601,378536,0.0264553,1.4400000000000001e-05,2,2571,2,0.0005443143717893957,7.2,1
shrinking_b_decay_channels_8_r1,branch_count,constant_250,601,378536,0.0291722,6.3e-06,1,420,1033,0.00021595902948697734,6.3,1
shrinking_b_decay_channels_8_r2,branch_count,wallclock_timing,601,1514144,0.0729413,1.89e-05,2,5106,2,0.00025911246440631026,9.45,1
shrinking_b_decay_channels_8_r2,branch_count,constant_250,601,1514144,0.0507951,1.35e-05,1,2972,1022,0.00026577366714505927,13.5,1
dense_support_q4_r05,dense_support,wallclock_timing,601,26544211,0.2534337,9.299999999999999e-06,3,315,842,3.669598794477609e-05,3.0999999999999996,1
dense_support_q4_r05,dense_support,constant_250,601,26544211,0.2318822,3.7e-06,1,2457,728,1.5956377850477528e-05,3.7,1
dense_support_q4_r1,dense_support,wallclock_timing,601,106176844,0.8181256,8.269999999999999e-05,13,16151,1043,0.00010108472342144041,6.361538461538461,1
dense_support_q4_r1,dense_support,constant_250,601,106176844,0.7382613,3.9e-06,1,24760,777,5.282682432358299e-06,3.9,1
dense_support_q6_r05,dense_support,wallclock_timing,601,14530834,0.2254392,1.94e-05,3,2779,495,8.605424433727586e-05,6.466666666666667,1
dense_support_q6_r05,dense_support,constant_250,601,14530834,0.2293356,4.3e-06,1,1,637,1.874981468206419e-05,4.300000000000001,1
dense_support_q6_r1,dense_support,wallclock_timing,601,58123339,0.7639321,6.24e-05,9,8899,857,8.168265216241077e-05,6.933333333333334,1
dense_support_q6_r1,dense_support,constant_250,601,58123339,0.7283907,5.8e-06,1,11261,771,7.962759546490642e-06,5.800000000000001,1
dense_support_q8_r05,dense_support,wallclock_timing,601,7136096,0.1357101,6.82e-05,7,1454,371,0.0005025418152370384,9.742857142857144,1
dense_support_q8_r05,dense_support,constant_250,601,7136096,0.1439277,4.7e-06,1,1,447,3.2655284563013234e-05,4.7,1
dense_support_q8_r1,dense_support,wallclock_timing,601,28544387,0.5658348,8.04e-05,7,18382,289,0.00014209094244468527,11.485714285714288,1
dense_support_q8_r1,dense_support,constant_250,601,28544387,0.6089934,8e-06,1,2991,733,1.3136431363623973e-05,8.0,1
dense_support_q8_r2,dense_support,wallclock_timing,601,114177551,1.8726628,0.0002890000000000001,15,54857,312,0.00015432570134890278,19.266666666666673,1
dense_support_q8_r2,dense_support,constant_250,601,114177551,2.1505583,1.25e-05,1,26956,775,5.8124441453179855e-06,12.5,1
dense_support_q12_r05,dense_support,wallclock_timing,601,3318636,0.2044643,4.27e-05,3,4453,138,0.0002088384133562681,14.233333333333333,1
dense_support_q12_r05,dense_support,constant_250,601,3318636,0.1945011,8.4e-06,1,1,305,4.318741642078116e-05,8.399999999999999,1
dense_support_q12_r1,dense_support,wallclock_timing,601,13274546,0.7320507,0.0001084,5,15232,153,0.0001480771755289627,21.680000000000003,1
dense_support_q12_r1,dense_support,constant_250,601,13274546,0.7806027,1e-05,1,1,608,1.281061415749651e-05,10.0,1
dense_support_q12_r2,dense_support,wallclock_timing,601,53098185,1.8509511,0.0002644,13,41751,165,0.00014284548089898213,20.338461538461537,1
dense_support_q12_r2,dense_support,constant_250,601,53098185,1.8993917,1.53e-05,1,9831,768,8.055210518188534e-06,15.299999999999999,1
collision_o2_g0_n1000000_r05,collision,wallclock_timing,601,23492785,0.2362229,1.49e-05,3,776,765,6.307601845545033e-05,4.966666666666667,1
collision_o2_g0_n1000000_r05,collision,constant_250,601,23492785,0.1848063,3.1e-06,1,1634,719,1.6774319923076216e-05,3.1,1
collision_o2_g0_n1000000_r1,collision,wallclock_timing,601,93971140,0.756286,2.5000000000000005e-05,5,6137,1298,3.305627765157626e-05,5.000000000000001,1
collision_o2_g0_n1000000_r1,collision,constant_250,601,93971140,0.6971334,3.4e-06,1,21361,778,4.877115341195817e-06,3.4,1
collision_o2_g1_n1000000_r05,collision,wallclock_timing,601,82666378,0.8020992,1.56e-05,3,1207,1351,1.9448965913443126e-05,5.2,1
collision_o2_g1_n1000000_r05,collision,constant_250,601,82666378,0.8554078,5.1e-06,1,11689,969,5.962068618032242e-06,5.1000000000000005,1
collision_o2_g2_n1000000_r05,collision,wallclock_timing,601,127726073,1.2769898,2.2800000000000002e-05,3,1185,1597,1.7854488735931956e-05,7.6000000000000005,1
collision_o2_g2_n1000000_r05,collision,constant_250,601,127726073,1.3221188,5e-06,1,16380,1151,3.781808412375651e-06,5.0,1
rossler_r05,rossler,wallclock_timing,602,803571,5.0000205,0.0009662999999999998,60,155082,1156,0.00019325920763724866,16.104999999999997,1
rossler_r05,rossler,constant_250,602,803571,5.0000257,3.27e-05,2,183640,147,6.539966384572783e-06,16.35,1
rossler_r1,rossler,wallclock_timing,602,3214284,5.0000242,0.0008282999999999999,52,191209,53,0.00016565919820948064,15.928846153846152,1
rossler_r1,rossler,constant_250,602,3214284,5.0000465,0.0,0,190257,0,0.0,nan,1
rossler_r2,rossler,wallclock_timing,602,12857138,5.0000547,0.000683,42,167483,42,0.0001365985056123486,16.261904761904763,1
rossler_r2,rossler,constant_250,602,12857138,5.0000454,0.0,0,170814,0,0.0,nan,1
dimerization_r05,dimerization,wallclock_timing,602,7758321,0.2975685,6.18e-05,6,15754,13,0.0002076832729270739,10.299999999999999,1
dimerization_r05,dimerization,constant_250,602,7758321,0.3086572,0.0,0,15777,0,0.0,nan,1
dimerization_r1,dimerization,wallclock_timing,602,31033286,0.5738518,7.48e-05,10,31697,18,0.0001303472429641242,7.48,1
dimerization_r1,dimerization,constant_250,602,31033286,0.4979515,0.0,0,31819,0,0.0,nan,1
dimerization_r2,dimerization,wallclock_timing,602,124133146,1.3189121,0.00015249999999999997,16,63404,16,0.00011562559779381809,9.531249999999998,1
dimerization_r2,dimerization,constant_250,602,124133146,1.3527516,0.0,0,63515,0,0.0,nan,1
lotka_volterra_r05,lotka_volterra,wallclock_timing,602,664991,1.5887507,0.00035539999999999997,34,75378,3706,0.00022369777712765126,10.452941176470587,1
lotka_volterra_r05,lotka_volterra,constant_250,602,664991,1.6162985,0.0,0,85265,0,0.0,nan,1
lotka_volterra_r1,lotka_volterra,wallclock_timing,602,2659967,3.3265529,0.0006837,68,169847,303,0.00020552807081468627,10.05441176470588,1
lotka_volterra_r1,lotka_volterra,constant_250,602,2659967,3.3576392,0.0,0,170680,0,0.0,nan,1
lotka_volterra_r2,lotka_volterra,wallclock_timing,602,10639870,5.0000319,0.000787,72,254665,96,0.00015739899579440684,10.930555555555555,1
lotka_volterra_r2,lotka_volterra,constant_250,602,10639870,5.0000232,0.0,0,253085,0,0.0,nan,1
shrinking_r05,shrinking,wallclock_timing,602,340706,0.0351153,1.13e-05,2,2351,2,0.0003217970514277252,5.65,1
shrinking_r05,shrinking,constant_250,602,340706,0.0191081,4.4e-06,1,274,1037,0.00023026883886938002,4.4,1
shrinking_r1,shrinking,wallclock_timing,602,1362824,0.0711459,9e-06,2,4785,2,0.00012650061352797561,4.5,1
shrinking_r1,shrinking,constant_250,602,1362824,0.0423744,4.2e-06,1,2731,1028,9.911644766651562e-05,4.199999999999999,1
shrinking_r2,shrinking,wallclock_timing,602,5451297,0.0967396,2.66e-05,4,9512,4,0.00027496495747346487,6.6499999999999995,1
shrinking_r2,shrinking,constant_250,602,5451297,0.1261831,5.3e-06,1,7539,1011,4.2002455162379116e-05,5.3,1
shrinking_no_b_decay_r05,shrinking,wallclock_timing,602,1331995,0.09391,1.41e-05,3,7075,23,0.0001501437546587158,4.7,1
shrinking_no_b_decay_r05,shrinking,constant_250,602,1331995,0.0270558,3.4e-06,1,892,608,0.00012566621574671604,3.4,1
shrinking_no_b_decay_r1,shrinking,wallclock_timing,602,5327980,0.110955,2.52e-05,5,3298,895,0.00022711910233878598,5.04,1
shrinking_no_b_decay_r1,shrinking,constant_250,602,5327980,0.1200701,4.5e-06,1,5143,566,3.747810653942988e-05,4.5,1
shrinking_no_b_decay_r2,shrinking,wallclock_timing,602,21311922,0.2765872,1.45e-05,3,2635,2661,5.242469644293012e-05,4.833333333333333,1
shrinking_no_b_decay_r2,shrinking,constant_250,602,21311922,0.1995306,5e-06,1,15732,545,2.5058813034191248e-05,5.0,1
shrinking_split_b_decay_r05,shrinking,wallclock_timing,602,265543,0.0202031,1.4000000000000001e-05,2,2090,2,0.0006929629611297277,7.000000000000001,1
shrinking_split_b_decay_r05,shrinking,constant_250,602,265543,0.0117498,3.9e-06,1,1,1036,0.00033192054332839706,3.9,1
shrinking_split_b_decay_r1,shrinking,wallclock_timing,602,1062172,0.0275702,8.8e-06,3,1595,1294,0.0003191852072164874,2.933333333333333,1
shrinking_split_b_decay_r1,shrinking,constant_250,602,1062172,0.0303849,3.1e-06,1,2104,1028,0.0001020243607844686,3.1,1
shrinking_split_b_decay_r2,shrinking,wallclock_timing,602,4248690,0.0930847,6.9e-06,2,8411,2,7.412603789881689e-05,3.45,1
shrinking_split_b_decay_r2,shrinking,constant_250,602,4248690,0.1207552,4.6e-06,1,6350,1010,3.80935976256095e-05,4.6,1
shrinking_b_decay_channels_1_r05,branch_count,wallclock_timing,602,356019,0.0363222,2.23e-05,4,2462,4,0.0006139495955641453,5.575,1
shrinking_b_decay_channels_1_r05,branch_count,constant_250,602,356019,0.018406,3.4e-06,1,314,1035,0.00018472237313919376,3.4,1
shrinking_b_decay_channels_1_r1,branch_count,wallclock_timing,602,1424076,0.0741178,2.41e-05,4,4912,6,0.00032515805919765565,6.025,1
shrinking_b_decay_channels_1_r1,branch_count,constant_250,602,1424076,0.0392898,2.7e-06,1,2846,1021,6.872012583418597e-05,2.7,1
shrinking_b_decay_channels_1_r2,branch_count,wallclock_timing,602,5696304,0.113721,1.7e-05,4,9691,4,0.00014948866084540233,4.25,1
shrinking_b_decay_channels_1_r2,branch_count,constant_250,602,5696304,0.0882118,3.2e-06,1,7707,1006,3.62763258430278e-05,3.1999999999999997,1
shrinking_b_decay_channels_2_r05,branch_count,wallclock_timing,602,282438,0.0170028,1.27e-05,2,2181,2,0.0007469357988096079,6.3500000000000005,1
shrinking_b_decay_channels_2_r05,branch_count,constant_250,602,282438,0.0105069,2.6e-06,1,56,1033,0.00024745643339139044,2.6,1
shrinking_b_decay_channels_2_r1,branch_count,wallclock_timing,602,1129754,0.0450578,1.1200000000000001e-05,2,4391,2,0.00024856961502780876,5.6000000000000005,1
shrinking_b_decay_channels_2_r1,branch_count,constant_250,602,1129754,0.028724,2e-06,1,2271,1030,6.962818548948615e-05,2.0,1
shrinking_b_decay_channels_2_r2,branch_count,wallclock_timing,602,4519016,0.1298883,3.6e-05,6,8506,123,0.00027716122237337774,6.0,1
shrinking_b_decay_channels_2_r2,branch_count,constant_250,602,4519016,0.1193062,5.2e-06,1,6649,1014,4.358532917819862e-05,5.2,1
shrinking_b_decay_channels_4_r05,branch_count,wallclock_timing,602,234166,0.0315221,1.69e-05,2,1968,2,0.0005361317932498152,8.450000000000001,1
shrinking_b_decay_channels_4_r05,branch_count,constant_250,602,234166,0.0168714,4.9e-06,1,1,971,0.0002904323292672807,4.8999999999999995,1
shrinking_b_decay_channels_4_r1,branch_count,wallclock_timing,602,936665,0.0529478,1.53e-05,2,3963,2,0.00028896384741197934,7.6499999999999995,1
shrinking_b_decay_channels_4_r1,branch_count,constant_250,602,936665,0.0438436,5.7e-06,1,1852,1031,0.00013000757237088194,5.699999999999999,1
shrinking_b_decay_channels_4_r2,branch_count,wallclock_timing,602,3746663,0.10782,1.4400000000000001e-05,2,8034,2,0.0001335559265442404,7.2,1
shrinking_b_decay_channels_4_r2,branch_count,constant_250,602,3746663,0.0926883,5.8e-06,1,5809,1016,6.257531964660049e-05,5.800000000000001,1
shrinking_b_decay_channels_8_r05,branch_count,wallclock_timing,602,94634,0.0215817,2.7199999999999997e-05,2,1227,2,0.0012603270363317068,13.599999999999998,1
shrinking_b_decay_channels_8_r05,branch_count,constant_250,602,94634,0.0082331,6.4e-06,1,1,617,0.0007773499653836343,6.3999999999999995,1
shrinking_b_decay_channels_8_r1,branch_count,wallclock_timing,602,378536,0.0435218,2.2199999999999998e-05,2,2497,2,0.0005100891966784461,11.099999999999998,1
shrinking_b_decay_channels_8_r1,branch_count,constant_250,602,378536,0.0312475,7.4e-06,1,383,1035,0.00023681894551564125,7.4,1
shrinking_b_decay_channels_8_r2,branch_count,wallclock_timing,602,1514144,0.0899088,2.2700000000000003e-05,2,5098,2,0.00025247806666310753,11.350000000000001,1
shrinking_b_decay_channels_8_r2,branch_count,constant_250,602,1514144,0.0664369,5.5e-06,1,2958,1021,8.278531960401525e-05,5.5,1
dense_support_q4_r05,dense_support,wallclock_timing,602,26544211,0.2766375,2.31e-05,5,3448,685,8.350277890741494e-05,4.62,1
dense_support_q4_r05,dense_support,constant_250,602,26544211,0.2460643,3.1e-06,1,2447,727,1.259833303734024e-05,3.1,1
dense_support_q4_r1,dense_support,wallclock_timing,602,106176844,0.9159615,4.1599999999999995e-05,7,7864,1324,4.541675605361142e-05,5.942857142857142,1
dense_support_q4_r1,dense_support,constant_250,602,106176844,0.7912222,3.5e-06,1,24661,776,4.423536144461063e-06,3.5,1
dense_support_q6_r05,dense_support,wallclock_timing,602,14530834,0.1703752,2.11e-05,3,1107,575,0.00012384431536984256,7.033333333333333,1
dense_support_q6_r05,dense_support,constant_250,602,14530834,0.2296396,4e-06,1,1,637,1.7418598534399118e-05,4.0,1
dense_support_q6_r1,dense_support,wallclock_timing,602,58123339,0.8732203,2.19e-05,3,699,1232,2.5079581864965808e-05,7.300000000000001,1
dense_support_q6_r1,dense_support,constant_250,602,58123339,0.8334195,6.7e-06,1,11249,772,8.039168749951255e-06,6.7,1
dense_support_q8_r05,dense_support,wallclock_timing,602,7136096,0.1967837,3.1e-05,3,262,431,0.0001575333729368845,10.333333333333334,1
dense_support_q8_r05,dense_support,constant_250,602,7136096,0.2027303,5.6e-06,1,1,447,2.7622905900104718e-05,5.6,1
dense_support_q8_r1,dense_support,wallclock_timing,602,28544387,0.6305307,3.96e-05,3,4765,654,6.280423776352206e-05,13.200000000000001,1
dense_support_q8_r1,dense_support,constant_250,602,28544387,0.6693876,1.36e-05,1,2995,733,2.0317077878347314e-05,13.6,1
dense_support_q8_r2,dense_support,wallclock_timing,602,114177551,1.8200625,0.00012759999999999998,9,30745,691,7.010748257271384e-05,14.177777777777775,1
dense_support_q8_r2,dense_support,constant_250,602,114177551,1.7333183,1.22e-05,1,26898,774,7.038522584109335e-06,12.2,1
dense_support_q12_r05,dense_support,wallclock_timing,602,3318636,0.2354147,0.0005279999999999999,3,4186,142,0.0022428505951412546,175.99999999999997,1
dense_support_q12_r05,dense_support,constant_250,602,3318636,0.2075666,1.09e-05,1,1,305,5.251326562173298e-05,10.9,1
dense_support_q12_r1,dense_support,wallclock_timing,602,13274546,0.4745055,5.7499999999999995e-05,3,7476,308,0.00012117878507203814,19.166666666666664,1
dense_support_q12_r1,dense_support,constant_250,602,13274546,0.6845207,8.3e-06,1,1,609,1.2125272471672515e-05,8.3,1
dense_support_q12_r2,dense_support,wallclock_timing,602,53098185,1.7780418,0.00017820000000000002,9,26629,366,0.00010022261568878753,19.800000000000004,1
dense_support_q12_r2,dense_support,constant_250,602,53098185,2.0870205,1.48e-05,1,9816,768,7.091449269425002e-06,14.8,1
collision_o2_g0_n1000000_r05,collision,wallclock_timing,602,23492785,0.231608,3.0500000000000003e-05,5,3621,648,0.00013168802459327832,6.1000000000000005,1
collision_o2_g0_n1000000_r05,collision,constant_250,602,23492785,0.1677595,2.8e-06,1,1647,718,1.6690559998092505e-05,2.8,1
collision_o2_g0_n1000000_r1,collision,wallclock_timing,602,93971140,0.716516,6.56e-05,9,27824,630,9.155413138017852e-05,7.288888888888889,1
collision_o2_g0_n1000000_r1,collision,constant_250,602,93971140,0.7057934,3.7e-06,1,21290,778,5.242327287276985e-06,3.7,1
collision_o2_g1_n1000000_r05,collision,wallclock_timing,602,82666378,0.705968,3.59e-05,5,865,1371,5.0852163270856464e-05,7.18,1
collision_o2_g1_n1000000_r05,collision,constant_250,602,82666378,0.8214827,3.7e-06,1,11669,969,4.504051028706995e-06,3.7,1
collision_o2_g2_n1000000_r05,collision,wallclock_timing,602,127726073,1.262331,1.8299999999999998e-05,3,4219,1481,1.4496990092139063e-05,6.099999999999999,1
collision_o2_g2_n1000000_r05,collision,constant_250,602,127726073,1.4030204,5.5e-06,1,16329,1151,3.920114062489754e-06,5.5,1
rossler_r05,rossler,wallclock_timing,603,803571,5.0000441,0.0009028999999999999,60,194346,305,0.0001805784072984476,15.048333333333332,1
rossler_r05,rossler,constant_250,603,803571,5.0000389,2.37e-05,2,190026,147,4.739963123086903e-06,11.85,1
rossler_r1,rossler,wallclock_timing,603,3214284,5.0000314,0.000848,52,180710,52,0.00016959893491868872,16.30769230769231,1
rossler_r1,rossler,constant_250,603,3214284,5.0000339,0.0,0,180138,0,0.0,nan,1
rossler_r2,rossler,wallclock_timing,603,12857138,5.000026,0.0006459999999999999,42,161762,42,0.0001291993281634935,15.38095238095238,1
rossler_r2,rossler,constant_250,603,12857138,5.0000143,0.0,0,157395,0,0.0,nan,1
dimerization_r05,dimerization,wallclock_timing,603,7758321,0.3275286,5.29e-05,7,13203,422,0.00016151261294433523,7.557142857142857,1
dimerization_r05,dimerization,constant_250,603,7758321,0.2460704,0.0,0,15883,0,0.0,nan,1
dimerization_r1,dimerization,wallclock_timing,603,31033286,0.536474,0.00010449999999999999,12,30149,239,0.00019479042786789294,8.708333333333332,1
dimerization_r1,dimerization,constant_250,603,31033286,0.6762637,0.0,0,31745,0,0.0,nan,1
dimerization_r2,dimerization,wallclock_timing,603,124133146,1.2487888,0.00015609999999999997,16,63469,16,0.00012500112108628774,9.756249999999998,1
dimerization_r2,dimerization,constant_250,603,124133146,1.3730556,0.0,0,63604,0,0.0,nan,1
lotka_volterra_r05,lotka_volterra,wallclock_timing,603,664991,1.5461104,0.00042,38,69033,6228,0.0002716494242584488,11.052631578947368,1
lotka_volterra_r05,lotka_volterra,constant_250,603,664991,1.7519729,0.0,0,85432,0,0.0,nan,1
lotka_volterra_r1,lotka_volterra,wallclock_timing,603,2659967,3.5378938,0.0007166999999999999,66,168956,759,0.00020257815539855942,10.859090909090908,1
lotka_volterra_r1,lotka_volterra,constant_250,603,2659967,3.6313561,0.0,0,170884,0,0.0,nan,1
lotka_volterra_r2,lotka_volterra,wallclock_timing,603,10639870,5.0000593,0.0006285999999999998,57,209935,3065,0.00012571850897848347,11.028070175438593,1
lotka_volterra_r2,lotka_volterra,constant_250,603,10639870,5.0000109,0.0,0,238031,0,0.0,nan,1
shrinking_r05,shrinking,wallclock_timing,603,340706,0.0283908,1.5700000000000002e-05,4,2230,92,0.0005529960409710188,3.9250000000000007,1
shrinking_r05,shrinking,constant_250,603,340706,0.0173403,3.7e-06,1,286,1034,0.00021337577781237928,3.7,1
shrinking_r1,shrinking,wallclock_timing,603,1362824,0.0462165,1.55e-05,3,2242,1238,0.00033537805762011403,5.166666666666667,1
shrinking_r1,shrinking,constant_250,603,1362824,0.0559037,3.8e-06,1,2699,1028,6.797403391904293e-05,3.8,1
shrinking_r2,shrinking,wallclock_timing,603,5451297,0.2042127,1.7500000000000002e-05,3,1623,3855,8.569496412319118e-05,5.833333333333334,1
shrinking_r2,shrinking,constant_250,603,5451297,0.1346258,3.1e-06,1,7481,1010,2.3026789812948187e-05,3.1,1
shrinking_no_b_decay_r05,shrinking,wallclock_timing,603,1331995,0.0295346,1.83e-05,3,1101,563,0.0006196122513932812,6.1,1
shrinking_no_b_decay_r05,shrinking,constant_250,603,1331995,0.0354444,3.1e-06,1,903,607,8.746092471589306e-05,3.1,1
shrinking_no_b_decay_r1,shrinking,wallclock_timing,603,5327980,0.0872981,1.48e-05,3,2370,1078,0.00016953404484175487,4.933333333333334,1
shrinking_no_b_decay_r1,shrinking,constant_250,603,5327980,0.0761012,3.3e-06,1,5174,566,4.3363310959616934e-05,3.3000000000000003,1
shrinking_no_b_decay_r2,shrinking,wallclock_timing,603,21311922,0.2938188,4.39e-05,7,9914,1261,0.00014941181435633119,6.271428571428571,1
shrinking_no_b_decay_r2,shrinking,constant_250,603,21311922,0.303803,5.8e-06,1,15750,545,1.9091319045565714e-05,5.800000000000001,1
shrinking_split_b_decay_r05,shrinking,wallclock_timing,603,265543,0.0173145,1.87e-05,3,328,882,0.0010800196367206677,6.233333333333333,1
shrinking_split_b_decay_r05,shrinking,constant_250,603,265543,0.0164477,3.5e-06,1,1,1033,0.00021279571003848563,3.5,1
shrinking_split_b_decay_r1,shrinking,wallclock_timing,603,1062172,0.0642843,1.2e-05,2,4143,2,0.00018667077342368198,6.0,1
shrinking_split_b_decay_r1,shrinking,constant_250,603,1062172,0.0546751,4.3e-06,1,2148,1026,7.864640393890456e-05,4.300000000000001,1
shrinking_split_b_decay_r2,shrinking,wallclock_timing,603,4248690,0.1266495,1.83e-05,4,8451,4,0.00014449326685063898,4.575,1
shrinking_split_b_decay_r2,shrinking,constant_250,603,4248690,0.117856,4.9e-06,1,6406,1012,4.157616073852837e-05,4.8999999999999995,1
shrinking_b_decay_channels_1_r05,branch_count,wallclock_timing,603,356019,0.0347,8.9e-06,2,2442,2,0.00025648414985590776,4.45,1
shrinking_b_decay_channels_1_r05,branch_count,constant_250,603,356019,0.0202894,3.6e-06,1,333,1036,0.000177432550987215,3.5999999999999996,1
shrinking_b_decay_channels_1_r1,branch_count,wallclock_timing,603,1424076,0.0762222,9.100000000000001e-06,2,4856,2,0.00011938778990897666,4.550000000000001,1
shrinking_b_decay_channels_1_r1,branch_count,constant_250,603,1424076,0.0625186,4.8e-06,1,2826,1023,7.677715111982675e-05,4.8,1
shrinking_b_decay_channels_1_r2,branch_count,wallclock_timing,603,5696304,0.154773,2.29e-05,4,9858,4,0.0001479586232740853,5.7250000000000005,1
shrinking_b_decay_channels_1_r2,branch_count,constant_250,603,5696304,0.1307114,5.4e-06,1,7716,1011,4.131238744287032e-05,5.4,1
shrinking_b_decay_channels_2_r05,branch_count,wallclock_timing,603,282438,0.0244876,2.76e-05,4,1997,84,0.001127101063395351,6.9,1
shrinking_b_decay_channels_2_r05,branch_count,constant_250,603,282438,0.0115233,3e-06,1,61,1035,0.0002603420895056104,3.0,1
shrinking_b_decay_channels_2_r1,branch_count,wallclock_timing,603,1129754,0.0528995,1.06e-05,2,4376,2,0.00020037996578417566,5.3,1
shrinking_b_decay_channels_2_r1,branch_count,constant_250,603,1129754,0.0512746,3.7e-06,1,2251,1029,7.216048491845866e-05,3.7,1
shrinking_b_decay_channels_2_r2,branch_count,wallclock_timing,603,4519016,0.1346339,2.67e-05,4,8707,4,0.0001983155802513334,6.675,1
shrinking_b_decay_channels_2_r2,branch_count,constant_250,603,4519016,0.1173324,5e-06,1,6634,1011,4.2613975338440194e-05,5.0,1
shrinking_b_decay_channels_4_r05,branch_count,wallclock_timing,603,234166,0.0364686,2.2e-05,2,1970,2,0.0006032586937804029,11.0,1
shrinking_b_decay_channels_4_r05,branch_count,constant_250,603,234166,0.0155261,3.2e-06,1,1,968,0.0002061045594193004,3.1999999999999997,1
shrinking_b_decay_channels_4_r1,branch_count,wallclock_timing,603,936665,0.0616308,1.66e-05,2,3998,2,0.00026934584655724086,8.3,1
shrinking_b_decay_channels_4_r1,branch_count,constant_250,603,936665,0.0347132,4.8e-06,1,1891,1033,0.00013827592961755181,4.8,1
shrinking_b_decay_channels_4_r2,branch_count,wallclock_timing,603,3746663,0.1495298,3.28e-05,2,7945,2,0.00021935426918246397,16.4,1
shrinking_b_decay_channels_4_r2,branch_count,constant_250,603,3746663,0.1187057,8.4e-06,1,5871,1015,7.076324051835758e-05,8.399999999999999,1
shrinking_b_decay_channels_8_r05,branch_count,wallclock_timing,603,94634,0.0211248,2.43e-05,2,1243,2,0.0011503067484662577,12.15,1
shrinking_b_decay_channels_8_r05,branch_count,constant_250,603,94634,0.0103249,8e-06,1,1,625,0.0007748259063041773,8.0,1
shrinking_b_decay_channels_8_r1,branch_count,wallclock_timing,603,378536,0.0431624,1.87e-05,2,2481,2,0.00043324745611921493,9.35,1
shrinking_b_decay_channels_8_r1,branch_count,constant_250,603,378536,0.0327758,1.46e-05,1,381,1033,0.0004454506068501761,14.600000000000001,1
shrinking_b_decay_channels_8_r2,branch_count,wallclock_timing,603,1514144,0.068815,2.55e-05,2,5074,2,0.0003705587444597835,12.75,1
shrinking_b_decay_channels_8_r2,branch_count,constant_250,603,1514144,0.0674466,8.4e-06,1,2970,1028,0.00012454297177322504,8.399999999999999,1
dense_support_q4_r05,dense_support,wallclock_timing,603,26544211,0.263435,1.4599999999999999e-05,3,4118,652,5.542164101201435e-05,4.866666666666666,1
dense_support_q4_r05,dense_support,constant_250,603,26544211,0.2354108,3e-06,1,2439,728,1.2743680408885235e-05,3.0,1
dense_support_q4_r1,dense_support,wallclock_timing,603,106176844,1.0006665,1.4000000000000001e-05,3,5290,1434,1.3990675214969227e-05,4.666666666666667,1
dense_support_q4_r1,dense_support,constant_250,603,106176844,0.8703958,3.9e-06,1,24542,776,4.480720150533814e-06,3.9,1
dense_support_q6_r05,dense_support,wallclock_timing,603,14530834,0.2045473,2.6099999999999997e-05,3,6254,366,0.00012759884877483105,8.7,1
dense_support_q6_r05,dense_support,constant_250,603,14530834,0.2528799,5.1e-06,1,1,637,2.016767643454462e-05,5.1000000000000005,1
dense_support_q6_r1,dense_support,wallclock_timing,603,58123339,0.8774629,3.31e-05,5,1463,1186,3.772239259346463e-05,6.619999999999999,1
dense_support_q6_r1,dense_support,constant_250,603,58123339,0.8218532,5e-06,1,11130,771,6.083811561480811e-06,5.0,1
dense_support_q8_r05,dense_support,wallclock_timing,603,7136096,0.1799705,2.79e-05,3,2347,329,0.00015502540694169322,9.3,1
dense_support_q8_r05,dense_support,constant_250,603,7136096,0.2014216,7.2e-06,1,1,447,3.574591801475115e-05,7.199999999999999,1
dense_support_q8_r1,dense_support,wallclock_timing,603,28544387,0.7570718,3.45e-05,3,2012,780,4.557031446687091e-05,11.5,1
dense_support_q8_r1,dense_support,constant_250,603,28544387,0.655482,1.18e-05,1,2980,733,1.800201988765519e-05,11.8,1
dense_support_q8_r2,dense_support,wallclock_timing,603,114177551,1.8084051,0.0002085,13,43712,461,0.00011529496350126418,16.038461538461537,1
dense_support_q8_r2,dense_support,constant_250,603,114177551,2.0245771,1.41e-05,1,26744,775,6.964417408455326e-06,14.1,1
dense_support_q12_r05,dense_support,wallclock_timing,603,3318636,0.3330993,0.0001216,5,8771,60,0.0003650563060324654,24.32,1
dense_support_q12_r05,dense_support,constant_250,603,3318636,0.14858,1.12e-05,1,1,305,7.53802665230852e-05,11.2,1
dense_support_q12_r1,dense_support,wallclock_timing,603,13274546,0.7138912,0.0001515,7,18409,109,0.00021221721181042714,21.642857142857142,1
dense_support_q12_r1,dense_support,constant_250,603,13274546,0.8010347,7.5e-06,1,1,609,9.362890271794718e-06,7.5,1
dense_support_q12_r2,dense_support,wallclock_timing,603,53098185,1.7059788,0.0003299,15,49446,91,0.00019337872193956923,21.993333333333332,1
dense_support_q12_r2,dense_support,constant_250,603,53098185,2.1625167,1.39e-05,1,9721,768,6.4276960265786625e-06,13.9,1
collision_o2_g0_n1000000_r05,collision,wallclock_timing,603,23492785,0.2317392,1.81e-05,3,572,776,7.810504221987476e-05,6.033333333333333,1
collision_o2_g0_n1000000_r05,collision,constant_250,603,23492785,0.223806,3e-06,1,1597,718,1.3404466368193883e-05,3.0,1
collision_o2_g0_n1000000_r1,collision,wallclock_timing,603,93971140,0.6673267,4.2300000000000005e-05,7,17171,889,6.338724345961282e-05,6.042857142857144,1
collision_o2_g0_n1000000_r1,collision,constant_250,603,93971140,0.7526649,4e-06,1,21173,778,5.314450029488555e-06,4.0,1
collision_o2_g1_n1000000_r05,collision,wallclock_timing,603,82666378,0.7971285,1.32e-05,3,453,1386,1.6559438032889303e-05,4.4,1
collision_o2_g1_n1000000_r05,collision,constant_250,603,82666378,0.8199971,6.2e-06,1,11571,969,7.561002349886359e-06,6.2,1
collision_o2_g2_n1000000_r05,collision,wallclock_timing,603,127726073,1.2427568,1.78e-05,3,261,1635,1.4322995456552722e-05,5.933333333333333,1
collision_o2_g2_n1000000_r05,collision,constant_250,603,127726073,1.309479,4.2e-06,1,16238,1151,3.2073824780695217e-06,4.199999999999999,1
